CFNO,A_AO810_BC
1.0,833.0
2.0,63.0
3.0,110.0
4.0,9.0
5.0,0.0
6.0,398.0
7.0,199.0
8.0,767.0
9.0,
10.0,410.0
11.0,0.0
12.0,3315.0
13.0,1142.0
14.0,1066.0
15.0,3088.0
16.0,2173.0
17.0,1571.0
18.0,633.0
19.0,1575.0
20.0,203.0
21.0,0.0
22.0,0.0
,
23.0,233.0
,
,
24.0,0.0
,
,
,
,
25.0,0.0
26.0,0.0
27.0,0.0
28.0,2038.0
29.0,1245.0
30.0,
31.0,2410.0
32.0,296.0
33.0,4.0
34.0,0.0
35.0,0.0
36.0,208.0
37.0,0.0
38.0,2557.0
39.0,400.0
40.0,2.0
41.0,1292.0
42.0,1479.0
43.0,242.0
44.0,39.0
45.0,127.0
46.0,
47.0,936.0
48.0,188.0
49.0,604.0
50.0,0.0
51.0,426.0
52.0,57.0
53.0,0.0
54.0,61.0
55.0,2583.0
56.0,284.0
57.0,0.0
58.0,0.0
59.0,282.0
60.0,0.0
61.0,211.0
62.0,0.0
63.0,1772.0
64.0,2946.0
65.0,203.0
66.0,203.0
67.0,2282.0
68.0,0.0
69.0,0.0
70.0,879.0
,
71.0,0.0
72.0,866.0
73.0,203.0
74.0,0.0
75.0,
76.0,0.0
77.0,0.0
78.0,1623.0
79.0,2313.0
80.0,0.0
81.0,0.0
82.0,1093.0
83.0,3708.0
84.0,0.0
85.0,1893.0
86.0,
87.0,0.0
88.0,0.0
89.0,
90.0,224.0
91.0,2554.0
92.0,381.0
93.0,
94.0,580.0
95.0,351.0
96.0,
,
,
,
97.0,0.0
98.0,177.0
99.0,844.0
100.0,294.0
101.0,2469.0
102.0,203.0
103.0,0.0
104.0,2321.0
105.0,1650.0
106.0,0.0
107.0,941.0
108.0,198.0
109.0,1100.0
110.0,
111.0,332.0
112.0,406.0
113.0,0.0
114.0,0.0
115.0,404.0
116.0,2421.0
117.0,0.0
118.0,
119.0,1452.0
120.0,1367.0
121.0,464.0
122.0,2261.0
123.0,96.0
124.0,78.0
125.0,848.0
126.0,1621.0
127.0,0.0
128.0,0.0
129.0,5379.0
130.0,
131.0,0.0
132.0,0.0
133.0,0.0
134.0,1077.0
135.0,0.0
136.0,
137.0,486.0
138.0,
139.0,
140.0,
,
,
,
,
,
,
,
,
,
,
,
,
,
,
,
,
,
,
,
,
,
141.0,
142.0,
143.0,
144.0,
145.0,
146.0,
147.0,
148.0,
149.0,
150.0,
151.0,
152.0,
,
153.0,
154.0,
,
155.0,
156.0,
157.0,
158.0,
159.0,
160.0,120.0
161.0,500.0
162.0,37.0
163.0,173.0
164.0,831.0
165.0,57.0
166.0,463.0
167.0,1421.0
168.0,2887.0
169.0,3692.0
170.0,0.0
171.0,4548.0
172.0,164.0
173.0,4224.0
174.0,1420.0
175.0,203.0
176.0,
177.0,1059.0
178.0,362.0
179.0,1326.0
180.0,1026.0
181.0,1304.0
182.0,329.0
183.0,845.0
184.0,115.0
185.0,100.0
186.0,
187.0,73.0
188.0,1710.0
189.0,305.0
190.0,192.0
191.0,223.0
192.0,675.0
193.0,3371.0
194.0,203.0
195.0,255.0
196.0,809.0
197.0,1374.0
198.0,0.0
199.0,288.0
200.0,390.0
201.0,233.0
202.0,0.0
203.0,102.0
204.0,
205.0,309.0
206.0,704.0
207.0,969.0
208.0,325.0
209.0,81.0
210.0,1092.0
211.0,2186.0
212.0,43.0
213.0,170.0
214.0,2969.0
215.0,0.0
216.0,15.0
217.0,494.0
218.0,3433.0
219.0,0.0
,
220.0,0.0
221.0,430.0
222.0,0.0
223.0,406.0
224.0,0.0
225.0,0.0
,
,
,
,
,
226.0,
227.0,203.0
228.0,203.0
229.0,5.0
230.0,4589.0
231.0,621.0
232.0,124.0
233.0,1432.0
234.0,0.0
235.0,0.0
236.0,0.0
237.0,216.0
238.0,1184.0
239.0,280.0
240.0,0.0
241.0,0.0
242.0,1075.0
243.0,256.0
244.0,370.0
245.0,14.0
246.0,145.0
247.0,
