CFNO,M_AFA_BC
9.0,237.0
10.0,696.0
11.0,0.0
12.0,0.0
13.0,1225.0
14.0,0.0
15.0,743.0
16.0,1399.0
17.0,
18.0,1514.0
19.0,2047.0
20.0,4206.0
21.0,2746.0
22.0,4005.0
23.0,2493.0
24.0,1895.0
25.0,1155.0
26.0,1731.0
27.0,220.0
28.0,468.0
29.0,0.0
30.0,0.0
,
,
,
,
,
,
,
31.0,235.0
32.0,
33.0,0.0
34.0,
35.0,0.0
36.0,931.0
37.0,235.0
38.0,
39.0,0.0
40.0,0.0
41.0,235.0
42.0,468.0
43.0,0.0
44.0,235.0
45.0,699.0
46.0,1290.0
47.0,468.0
48.0,0.0
49.0,1159.0
50.0,3413.0
51.0,0.0
52.0,0.0
53.0,84.0
54.0,
55.0,1795.0
56.0,879.0
57.0,4514.0
58.0,0.0
59.0,0.0
60.0,703.0
61.0,1227.0
62.0,1155.0
63.0,1982.0
64.0,695.0
65.0,0.0
66.0,464.0
67.0,2162.0
68.0,0.0
69.0,235.0
70.0,232.0
71.0,894.0
72.0,0.0
73.0,0.0
74.0,225.0
75.0,568.0
76.0,0.0
77.0,0.0
78.0,10.0
,
79.0,0.0
80.0,359.0
81.0,468.0
82.0,0.0
83.0,0.0
84.0,924.0
85.0,0.0
86.0,1814.0
87.0,4229.0
88.0,0.0
89.0,2169.0
90.0,5484.0
91.0,5163.0
92.0,1805.0
93.0,3912.0
94.0,
95.0,1636.0
96.0,0.0
97.0,
98.0,5044.0
99.0,3737.0
100.0,3345.0
101.0,
102.0,1650.0
103.0,425.0
104.0,
,
,
,
105.0,0.0
106.0,0.0
107.0,273.0
108.0,34.0
109.0,313.0
110.0,1491.0
111.0,196.0
112.0,2184.0
113.0,0.0
114.0,395.0
115.0,1145.0
116.0,7290.0
117.0,
118.0,0.0
119.0,4944.0
120.0,0.0
121.0,0.0
122.0,350.0
123.0,2.0
124.0,468.0
125.0,
126.0,235.0
127.0,0.0
128.0,1605.0
129.0,5165.0
130.0,1152.0
131.0,274.0
132.0,427.0
133.0,3474.0
134.0,0.0
135.0,0.0
136.0,3215.0
137.0,
138.0,0.0
139.0,469.0
140.0,877.0
141.0,0.0
142.0,68.0
143.0,
144.0,649.0
145.0,235.0
146.0,170.0
147.0,66.0
148.0,0.0
149.0,395.0
150.0,2.0
151.0,0.0
152.0,2985.0
153.0,0.0
154.0,0.0
155.0,2169.0
,
,
,
,
,
,
,
,
,
,
,
,
,
156.0,235.0
157.0,235.0
158.0,0.0
,
,
,
,
,
,
,
,
,
159.0,0.0
,
160.0,1401.0
161.0,235.0
162.0,7.0
,
,
,
,
,
163.0,0.0
164.0,489.0
165.0,73.0
166.0,215.0
167.0,40.0
168.0,0.0
169.0,522.0
170.0,0.0
171.0,755.0
172.0,320.0
173.0,1760.0
174.0,4003.0
175.0,4094.0
176.0,10539.0
177.0,4109.0
178.0,6341.0
179.0,0.0
180.0,0.0
181.0,52.0
182.0,1440.0
183.0,267.0
184.0,4861.0
185.0,0.0
186.0,6529.0
187.0,0.0
188.0,704.0
189.0,0.0
190.0,3693.0
191.0,
192.0,1221.0
193.0,521.0
194.0,8.0
195.0,152.0
196.0,918.0
197.0,455.0
198.0,0.0
199.0,2474.0
200.0,0.0
201.0,
202.0,70.0
203.0,3862.0
204.0,544.0
205.0,3160.0
206.0,301.0
207.0,0.0
208.0,2075.0
209.0,0.0
210.0,235.0
211.0,12.0
212.0,0.0
213.0,0.0
214.0,466.0
215.0,1181.0
216.0,
217.0,0.0
218.0,0.0
219.0,0.0
220.0,235.0
221.0,1655.0
222.0,0.0
223.0,6.0
224.0,533.0
,
,
,
,
,
,
225.0,408.0
226.0,243.0
227.0,1326.0
228.0,350.0
229.0,0.0
230.0,2363.0
231.0,0.0
232.0,881.0
233.0,234.0
234.0,87.0
235.0,1710.0
236.0,0.0
237.0,1077.0
238.0,0.0
239.0,1369.0
240.0,0.0
241.0,0.0
242.0,468.0
243.0,0.0
244.0,0.0
245.0,0.0
246.0,0.0
247.0,0.0
248.0,0.0
