A_Cp8_Numbering,D_AFA_BC,D_AO810_BC,D_AOE_1_BC,D_AOE_2_BC,D_AOI_1_BC,D_AOI_2_BC,D_ASA_BC,D_ATA_BC,D_Anc_37_BC,D_Anc_6_BC,D_Anc_cFLIP_BC,D_Cp10_BC,D_Cp3_BC,D_Cp6_BC,D_Cp7_BC,D_Cp8_BC,D_cFLIP_BC, Average, Std
226.0,2353.0,173.0,2278.0,788.0,2673.0,476.0,5596.0,288.0,14.0,542.0,2479.0,608.0,3254.0,1272.0,1779.0,3114.0,1287.0,1704.3529411764705,1464.118332870352
227.0,154.0,279.0,387.0,13.0,0.0,3.0,689.0,228.0,0.0,778.0,1322.0,237.0,486.0,244.0,686.0,785.0,278.0,386.4117647058824,363.0464947536902
228.0,19.0,0.0,4169.0,318.0,875.0,4.0,1479.0,1779.0,0.0,24.0,140.0,170.0,103.0,995.0,3054.0,0.0,0.0,772.2941176470588,1220.5824820913315
229.0,41.0,299.0,0.0,0.0,225.0,0.0,462.0,0.0,0.0,771.0,559.0,15.0,0.0,0.0,122.0,0.0,0.0,146.7058823529412,238.65476234141084
230.0,775.0,16.0,4308.0,49.0,114.0,0.0,919.0,1983.0,671.0,230.0,0.0,425.0,687.0,52.0,1359.0,8.0,218.0,694.9411764705883,1083.8261201980367
231.0,0.0,23.0,0.0,217.0,104.0,1944.0,0.0,0.0,0.0,0.0,0.0,0.0,0.0,196.0,92.0,0.0,0.0,151.52941176470588,467.3134811942434
232.0,225.0,106.0,4464.0,833.0,330.0,477.0,2146.0,523.0,890.0,1394.0,0.0,603.0,657.0,914.0,26.0,227.0,0.0,812.6470588235294,1092.2967740715244
233.0,1126.0,151.0,405.0,1204.0,1314.0,1370.0,0.0,863.0,236.0,75.0,2450.0,452.0,227.0,1428.0,3260.0,609.0,1761.0,995.9411764705883,896.1285810772523
234.0,,,,,,,,,,,,,,,,,,,
235.0,2522.0,571.0,4364.0,755.0,1541.0,1836.0,2401.0,2419.0,958.0,2230.0,1662.0,1036.0,862.0,2712.0,837.0,916.0,2419.0,1767.1176470588234,993.4907449463822
236.0,0.0,0.0,0.0,0.0,64.0,0.0,0.0,0.0,0.0,0.0,0.0,46.0,0.0,0.0,70.0,922.0,0.0,64.82352941176471,222.17117142366763
237.0,2439.0,2264.0,3888.0,1232.0,2562.0,3283.0,4174.0,3522.0,1412.0,2739.0,212.0,3031.0,2694.0,1943.0,2850.0,4840.0,3436.0,2736.529411764706,1137.0533253572069
238.0,3499.0,4234.0,823.0,2267.0,2304.0,1195.0,1444.0,2726.0,1279.0,2025.0,1274.0,3328.0,6025.0,887.0,954.0,2173.0,2758.0,2305.5882352941176,1383.66872204041
239.0,2344.0,2673.0,3652.0,2171.0,4395.0,3035.0,5268.0,3074.0,1642.0,1684.0,1400.0,4171.0,6648.0,1616.0,4684.0,7563.0,4355.0,3551.470588235294,1799.2983742853442
240.0,1731.0,3711.0,3153.0,1154.0,235.0,3043.0,1959.0,3222.0,1107.0,973.0,146.0,4772.0,2310.0,5425.0,1640.0,1140.0,696.0,2142.176470588235,1536.4167824557778
241.0,914.0,135.0,2497.0,2965.0,0.0,131.0,2234.0,1368.0,2151.0,2227.0,,4654.0,5995.0,2371.0,4108.0,8502.0,0.0,2515.75,2358.8501012145725
242.0,1926.0,3979.0,762.0,326.0,0.0,1643.0,617.0,159.0,0.0,813.0,,0.0,2102.0,1152.0,454.0,2.0,3568.0,1093.9375,1252.4719274964475
243.0,982.0,947.0,1737.0,4.0,3441.0,2220.0,721.0,2642.0,0.0,17.0,,0.0,5929.0,1124.0,232.0,1.0,,1333.1333333333334,1668.169821205549
244.0,948.0,3153.0,2711.0,2921.0,0.0,240.0,689.0,1096.0,2561.0,7250.0,,3407.0,1294.0,2220.0,3859.0,8023.0,,2691.4666666666667,2335.8638006609235
245.0,961.0,1455.0,0.0,226.0,0.0,0.0,360.0,2242.0,449.0,331.0,,,444.0,245.0,235.0,0.0,,496.2857142857143,645.8828696587962
246.0,104.0,126.0,221.0,5.0,115.0,711.0,0.0,219.0,0.0,0.0,,,223.0,31.0,0.0,0.0,,125.35714285714286,190.73808346399122
247.0,606.0,0.0,0.0,629.0,0.0,0.0,0.0,0.0,0.0,75.0,,,0.0,479.0,468.0,0.0,,161.21428571428572,256.17097012359915
248.0,,,,,5044.0,0.0,,,,,,,,,,685.0,,1909.6666666666667,2735.935001664574
249.0,,225.0,,,0.0,0.0,,,,,,,,,,0.0,,56.25,112.5
250.0,,,,,0.0,0.0,,,,,23.0,,,,,9.0,,8.0,10.862780491200215
251.0,,,,,687.0,255.0,,,,,2252.0,,,,,583.0,,944.25,891.0583127195811
252.0,,0.0,,,0.0,157.0,,,,,,,,,,0.0,,39.25,78.5
253.0,,,,,836.0,16.0,,,,,213.0,,,,,0.0,,266.25,391.988413944426
254.0,,,,,1115.0,598.0,,,,,,,,,,2114.0,,1275.6666666666667,770.6648644730947
255.0,0.0,,0.0,841.0,0.0,0.0,0.0,0.0,669.0,397.0,,221.0,0.0,805.0,1219.0,0.0,,296.57142857142856,417.3094616866323
256.0,,,,,465.0,0.0,,,,,,0.0,,244.0,,234.0,,188.6,195.3632514061946
257.0,0.0,0.0,0.0,2243.0,9.0,321.0,0.0,0.0,1805.0,1242.0,,2326.0,223.0,3964.0,916.0,3372.0,,1094.7333333333333,1345.385896136796
258.0,124.0,6.0,0.0,0.0,0.0,133.0,,0.0,0.0,0.0,,0.0,0.0,0.0,,585.0,,65.23076923076923,163.301946225468
259.0,495.0,723.0,222.0,223.0,0.0,0.0,255.0,0.0,0.0,9.0,,603.0,0.0,190.0,0.0,238.0,,197.2,239.77793297728033
260.0,1036.0,3492.0,1200.0,4281.0,231.0,565.0,6269.0,2524.0,5730.0,9479.0,,4951.0,667.0,6530.0,6391.0,8415.0,,4117.4,3008.591739858178
261.0,7.0,127.0,12.0,670.0,1796.0,1289.0,0.0,237.0,68.0,593.0,,545.0,0.0,2035.0,258.0,9.0,,509.73333333333335,674.6573168936177
262.0,,,,,,,,,,,,,,,,,,,
263.0,532.0,0.0,11.0,416.0,94.0,0.0,172.0,0.0,639.0,9182.0,,376.0,0.0,5651.0,7187.0,471.0,,1648.7333333333333,3028.286042034496
264.0,1.0,0.0,171.0,446.0,2679.0,1111.0,0.0,0.0,3.0,443.0,,323.0,0.0,0.0,0.0,688.0,,391.0,713.1537602188505
265.0,6.0,8.0,623.0,366.0,378.0,1217.0,0.0,0.0,1.0,0.0,,232.0,876.0,0.0,955.0,461.0,153.0,329.75,397.957535423065
266.0,181.0,544.0,3774.0,203.0,530.0,470.0,263.0,1188.0,149.0,1973.0,42.0,128.0,2025.0,0.0,40.0,0.0,388.0,699.8823529411765,1014.0864658864734
267.0,0.0,0.0,0.0,0.0,0.0,1414.0,0.0,0.0,0.0,1530.0,2321.0,0.0,0.0,246.0,0.0,0.0,2148.0,450.52941176470586,827.3131297796997
268.0,287.0,220.0,417.0,800.0,0.0,1286.0,218.0,0.0,,0.0,0.0,0.0,0.0,7.0,495.0,,186.0,261.06666666666666,368.71504031213715
269.0,0.0,0.0,54.0,0.0,0.0,0.0,134.0,362.0,232.0,26.0,424.0,659.0,601.0,1605.0,0.0,0.0,358.0,262.05882352941177,412.18859011807865
270.0,3326.0,2418.0,3701.0,4204.0,6236.0,3406.0,1505.0,3553.0,2626.0,3948.0,2810.0,843.0,328.0,3002.0,3107.0,1.0,2295.0,2782.8823529411766,1523.3883648939022
271.0,0.0,425.0,0.0,1009.0,2681.0,1254.0,447.0,0.0,1.0,37.0,0.0,0.0,223.0,13.0,4.0,233.0,458.0,399.11764705882354,696.6937887581012
272.0,3.0,6.0,0.0,0.0,231.0,0.0,10.0,0.0,0.0,228.0,0.0,225.0,0.0,165.0,462.0,0.0,56.0,81.52941176470588,133.9123396326207
273.0,422.0,1773.0,516.0,486.0,1038.0,2017.0,655.0,296.0,222.0,910.0,0.0,1279.0,342.0,244.0,8.0,233.0,578.0,648.1764705882352,582.1482022747856
274.0,3121.0,2285.0,172.0,66.0,266.0,1525.0,38.0,77.0,395.0,1408.0,143.0,52.0,20.0,8.0,3277.0,1057.0,343.0,838.4117647058823,1106.3851645575064
275.0,1463.0,562.0,0.0,658.0,0.0,1763.0,0.0,2507.0,341.0,416.0,213.0,2.0,0.0,0.0,195.0,232.0,0.0,491.29411764705884,733.3853663581209
276.0,207.0,470.0,0.0,0.0,0.0,561.0,0.0,0.0,0.0,0.0,0.0,175.0,,0.0,0.0,0.0,0.0,88.3125,179.6866601429648
277.0,358.0,1324.0,549.0,1016.0,1885.0,1186.0,576.0,525.0,173.0,2198.0,146.0,578.0,718.0,259.0,1524.0,474.0,957.0,849.7647058823529,600.4455147442361
278.0,,,,,100.0,,,,,,213.0,,0.0,,,270.0,,145.75,120.13429984812831
279.0,1554.0,416.0,164.0,813.0,3.0,884.0,894.0,428.0,457.0,350.0,2372.0,1060.0,657.0,790.0,2761.0,435.0,1839.0,933.9411764705883,772.2890869509483
280.0,1486.0,501.0,0.0,570.0,458.0,1837.0,0.0,2776.0,323.0,0.0,213.0,818.0,0.0,0.0,165.0,415.0,0.0,562.4705882352941,779.2036894842594
281.0,3217.0,2410.0,234.0,835.0,2337.0,2714.0,995.0,2709.0,978.0,864.0,745.0,273.0,848.0,514.0,971.0,2626.0,885.0,1420.8823529411766,990.0001188354058
282.0,0.0,29.0,0.0,350.0,0.0,0.0,107.0,0.0,3.0,0.0,0.0,0.0,596.0,37.0,0.0,0.0,783.0,112.05882352941177,235.98211547388377
283.0,603.0,344.0,217.0,1135.0,63.0,163.0,0.0,227.0,334.0,1235.0,0.0,14.0,5863.0,0.0,0.0,0.0,424.0,624.8235294117648,1402.0960307381818
284.0,143.0,688.0,514.0,137.0,82.0,0.0,0.0,30.0,554.0,528.0,0.0,0.0,1.0,0.0,7.0,0.0,411.0,182.05882352941177,246.92875252495287
285.0,0.0,0.0,1749.0,1040.0,513.0,0.0,1899.0,855.0,321.0,1119.0,2105.0,4522.0,5904.0,0.0,1195.0,0.0,3790.0,1471.2941176470588,1746.8729119739178
286.0,1057.0,0.0,2650.0,465.0,3470.0,1628.0,0.0,1282.0,25.0,933.0,6.0,5100.0,535.0,686.0,348.0,234.0,0.0,1083.4705882352941,1426.2750487566843
287.0,1137.0,1850.0,732.0,655.0,4166.0,1995.0,794.0,1546.0,462.0,1658.0,2488.0,1742.0,1461.0,2091.0,0.0,0.0,29.0,1341.5294117647059,1064.6622185960587
288.0,1066.0,2072.0,2746.0,560.0,3313.0,1638.0,685.0,890.0,960.0,492.0,0.0,1118.0,577.0,562.0,469.0,567.0,0.0,1042.0588235294117,913.3637330349446
289.0,0.0,0.0,0.0,0.0,0.0,0.0,0.0,0.0,55.0,0.0,95.0,53.0,182.0,0.0,0.0,388.0,0.0,45.470588235294116,101.05018409623187
290.0,0.0,930.0,0.0,3.0,0.0,0.0,0.0,0.0,0.0,0.0,0.0,0.0,0.0,242.0,0.0,0.0,2.0,69.23529411764706,229.39963203211678
291.0,983.0,1568.0,301.0,393.0,3446.0,1783.0,564.0,882.0,586.0,924.0,0.0,678.0,170.0,125.0,1137.0,119.0,,853.6875,862.855006649437
292.0,0.0,327.0,0.0,0.0,2114.0,0.0,0.0,0.0,0.0,3247.0,1881.0,0.0,403.0,1069.0,0.0,510.0,221.0,574.8235294117648,957.0145789964563
293.0,449.0,791.0,104.0,8.0,1093.0,708.0,0.0,219.0,0.0,457.0,661.0,11.0,0.0,276.0,235.0,192.0,0.0,306.11764705882354,335.7040888850144
294.0,0.0,224.0,0.0,0.0,0.0,0.0,0.0,0.0,0.0,0.0,457.0,222.0,0.0,0.0,235.0,0.0,454.0,93.6470588235294,162.12724214967338
295.0,964.0,260.0,381.0,688.0,0.0,1429.0,1153.0,1816.0,344.0,230.0,0.0,444.0,426.0,56.0,1557.0,306.0,439.0,617.2352941176471,563.0079405980617
296.0,2155.0,1192.0,1730.0,1227.0,1925.0,1321.0,911.0,2775.0,1179.0,2832.0,742.0,1743.0,1.0,655.0,2244.0,4264.0,0.0,1582.1176470588234,1079.2656578869346
297.0,225.0,0.0,159.0,13.0,231.0,238.0,241.0,0.0,428.0,229.0,0.0,199.0,0.0,0.0,0.0,232.0,,137.1875,134.68096561875402
298.0,0.0,224.0,222.0,204.0,232.0,240.0,241.0,861.0,0.0,0.0,0.0,0.0,0.0,4.0,0.0,420.0,427.0,180.88235294117646,231.08896618860376
299.0,2340.0,714.0,5972.0,1235.0,1456.0,2650.0,3739.0,2569.0,2368.0,0.0,597.0,1330.0,752.0,286.0,0.0,1551.0,0.0,1621.1176470588234,1561.3891203970002
300.0,0.0,0.0,0.0,0.0,1366.0,0.0,0.0,0.0,0.0,0.0,0.0,226.0,0.0,0.0,95.0,322.0,0.0,118.17647058823529,334.69430740866306
301.0,0.0,0.0,0.0,0.0,0.0,0.0,0.0,0.0,225.0,0.0,264.0,0.0,223.0,175.0,180.0,0.0,0.0,62.76470588235294,101.88997093173886
302.0,254.0,192.0,0.0,539.0,0.0,0.0,0.0,436.0,0.0,0.0,677.0,451.0,296.0,402.0,0.0,0.0,158.0,200.2941176470588,228.5702202567852
,,,,,,,,,,,0.0,0.0,,,,,4.0,1.3333333333333333,2.3094010767585034
303.0,0.0,224.0,222.0,119.0,0.0,0.0,241.0,219.0,225.0,0.0,1023.0,0.0,223.0,0.0,0.0,234.0,2.0,160.7058823529412,247.77226557513512
304.0,1194.0,674.0,660.0,1033.0,0.0,2530.0,1416.0,2268.0,1776.0,744.0,213.0,858.0,1216.0,1048.0,1785.0,896.0,380.0,1099.4705882352941,688.3777231330794
305.0,448.0,0.0,0.0,0.0,0.0,0.0,0.0,0.0,0.0,0.0,0.0,0.0,2.0,0.0,235.0,0.0,271.0,56.23529411764706,131.2471568319504
306.0,0.0,286.0,4273.0,126.0,13.0,0.0,1051.0,0.0,225.0,1162.0,601.0,6.0,442.0,436.0,323.0,0.0,0.0,526.1176470588235,1030.996779963021
307.0,,,0.0,0.0,439.0,,0.0,60.0,0.0,0.0,864.0,,1718.0,0.0,0.0,0.0,782.0,297.15384615384613,528.9895786865507
308.0,974.0,406.0,4470.0,146.0,675.0,0.0,1138.0,1929.0,0.0,0.0,1472.0,18.0,25.0,98.0,0.0,911.0,64.0,725.0588235294117,1136.3790339598534
309.0,0.0,0.0,0.0,0.0,0.0,0.0,0.0,0.0,0.0,0.0,0.0,0.0,0.0,0.0,0.0,0.0,0.0,0.0,0.0
310.0,228.0,405.0,793.0,569.0,3492.0,2792.0,1558.0,4335.0,2030.0,391.0,2171.0,669.0,1536.0,2199.0,2196.0,1815.0,1390.0,1680.5294117647059,1146.862901442837
311.0,4129.0,2511.0,3440.0,2749.0,281.0,2280.0,5818.0,1868.0,5377.0,3440.0,4218.0,1051.0,1085.0,1287.0,0.0,1584.0,2070.0,2540.470588235294,1675.4072683099719
312.0,0.0,0.0,0.0,13.0,5.0,0.0,0.0,0.0,0.0,0.0,0.0,406.0,0.0,0.0,0.0,0.0,0.0,24.941176470588236,98.25188966900033
313.0,0.0,0.0,4862.0,4168.0,0.0,0.0,7233.0,1845.0,6347.0,9607.0,4279.0,1630.0,7201.0,5533.0,3405.0,0.0,3129.0,3484.6470588235293,3038.3314693507455
314.0,3921.0,2013.0,2683.0,3166.0,3237.0,3100.0,4461.0,5804.0,2435.0,1038.0,3295.0,5562.0,5242.0,825.0,6734.0,3722.0,3353.0,3564.176470588235,1615.7026426331565
315.0,3628.0,5230.0,3232.0,2958.0,894.0,5943.0,6641.0,3414.0,6501.0,7997.0,5886.0,4698.0,4339.0,5380.0,6457.0,4294.0,3497.0,4764.058823529412,1746.6771836328342
316.0,0.0,176.0,0.0,2591.0,630.0,557.0,297.0,144.0,965.0,4754.0,119.0,8485.0,0.0,0.0,4051.0,0.0,0.0,1339.3529411764705,2358.711935071143
317.0,584.0,17.0,410.0,3961.0,544.0,397.0,0.0,674.0,4310.0,8296.0,4291.0,471.0,1513.0,8266.0,2291.0,8462.0,675.0,2656.5882352941176,3072.9654053296695
318.0,,,,,,,,,,,,,,,,,,,
319.0,15.0,439.0,0.0,398.0,0.0,0.0,93.0,434.0,137.0,1001.0,0.0,2111.0,0.0,539.0,693.0,0.0,,366.25,556.7758974668354
320.0,161.0,234.0,1023.0,1103.0,912.0,4.0,0.0,6.0,225.0,0.0,213.0,423.0,0.0,,2256.0,1065.0,79.0,481.5,630.9284164361808
321.0,,,,,,,,,,,4549.0,,,1257.0,2926.0,,381.0,2278.25,1845.5708014956601
322.0,4118.0,2959.0,1390.0,454.0,1697.0,,3748.0,431.0,1886.0,753.0,,0.0,1275.0,1861.0,2507.0,766.0,0.0,1589.6666666666667,1285.74740168992
323.0,4362.0,3136.0,176.0,2984.0,3856.0,1770.0,3730.0,3654.0,3086.0,5788.0,890.0,5034.0,3127.0,1513.0,2795.0,2707.0,1029.0,2919.823529411765,1490.7077276957293
324.0,1225.0,0.0,11.0,634.0,1441.0,330.0,386.0,132.0,1556.0,1229.0,216.0,2205.0,224.0,2229.0,2872.0,1124.0,138.0,938.3529411764706,890.0693751877203
325.0,,,,,,,,,,0.0,0.0,221.0,,0.0,,,,55.25,110.5
326.0,1413.0,2393.0,0.0,254.0,3419.0,583.0,793.0,2284.0,1251.0,750.0,210.0,635.0,5052.0,306.0,480.0,1174.0,876.0,1286.6470588235295,1324.9263159312138
327.0,225.0,0.0,91.0,0.0,0.0,0.0,0.0,0.0,68.0,485.0,0.0,690.0,308.0,0.0,0.0,386.0,310.0,150.76470588235293,213.36662385778754
328.0,,,,,,,,,,,421.0,75.0,,0.0,,,18.0,128.5,197.60313762691118
,,,,,,,,,,,63.0,,,,,,286.0,174.5,157.6848122046001
,,,,,,,,,,,232.0,,,,,,369.0,300.5,96.87362902255701
329.0,,,,,,,,,,,,,,,,376.0,0.0,188.0,265.87214972614186
330.0,0.0,0.0,120.0,0.0,114.0,0.0,0.0,221.0,0.0,196.0,0.0,0.0,0.0,1329.0,2245.0,0.0,,264.0625,622.1069006475763
,55.0,775.0,,,1135.0,236.0,,,,,0.0,2041.0,,,,,,707.0,789.1968068865965
331.0,1216.0,2096.0,231.0,321.0,442.0,1771.0,1032.0,1302.0,2202.0,5648.0,1289.0,2453.0,843.0,1102.0,354.0,0.0,398.0,1335.2941176470588,1333.354358596482
332.0,145.0,0.0,380.0,0.0,0.0,0.0,39.0,891.0,1660.0,0.0,0.0,0.0,381.0,347.0,0.0,44.0,0.0,228.64705882352942,439.8282251596171
333.0,2773.0,939.0,292.0,1152.0,2021.0,864.0,323.0,3486.0,3591.0,1584.0,3689.0,2638.0,1232.0,2236.0,2100.0,2453.0,1001.0,1904.3529411764705,1099.3859047882406
334.0,0.0,2612.0,17.0,223.0,1730.0,0.0,183.0,1040.0,1507.0,1459.0,0.0,409.0,0.0,43.0,0.0,207.0,2.0,554.8235294117648,804.6415533712913
335.0,0.0,783.0,0.0,444.0,736.0,240.0,11.0,2.0,0.0,5487.0,422.0,467.0,0.0,291.0,0.0,32.0,41.0,526.8235294117648,1305.807759362673
336.0,1912.0,1892.0,650.0,1870.0,1317.0,1896.0,1235.0,2409.0,2172.0,3343.0,2117.0,1703.0,676.0,620.0,3634.0,2422.0,434.0,1782.4705882352941,907.506826258559
337.0,992.0,933.0,0.0,0.0,699.0,1896.0,374.0,103.0,3594.0,850.0,0.0,3767.0,603.0,2662.0,0.0,287.0,2369.0,1125.235294117647,1263.3743768877341
338.0,0.0,0.0,0.0,3.0,411.0,,0.0,0.0,0.0,5524.0,2.0,0.0,0.0,,0.0,0.0,200.0,409.3333333333333,1419.5120724423316
339.0,846.0,3630.0,1542.0,1746.0,0.0,476.0,2025.0,934.0,1298.0,203.0,210.0,1372.0,222.0,1079.0,997.0,1027.0,0.0,1035.7058823529412,908.2104495039874
340.0,872.0,1421.0,86.0,208.0,1787.0,321.0,0.0,308.0,339.0,469.0,213.0,217.0,35.0,812.0,1164.0,1813.0,44.0,594.6470588235294,609.4045188928769
341.0,634.0,1988.0,141.0,34.0,1590.0,639.0,1054.0,533.0,661.0,56.0,214.0,3771.0,628.0,2.0,643.0,508.0,211.0,782.7647058823529,938.983128802893
342.0,,,,,,,,,,,,226.0,,,,,,226.0,
343.0,0.0,0.0,323.0,47.0,606.0,0.0,171.0,54.0,0.0,458.0,0.0,132.0,509.0,1.0,0.0,0.0,392.0,158.41176470588235,212.0233061551045
344.0,79.0,224.0,759.0,482.0,210.0,0.0,975.0,348.0,225.0,675.0,0.0,324.0,143.0,241.0,646.0,209.0,0.0,325.88235294117646,287.8818946966232
345.0,0.0,224.0,0.0,0.0,0.0,0.0,0.0,0.0,225.0,25.0,0.0,0.0,17.0,0.0,96.0,0.0,264.0,50.05882352941177,92.87994306377138
346.0,0.0,0.0,112.0,0.0,231.0,0.0,0.0,10.0,9.0,230.0,2.0,0.0,1096.0,4.0,1.0,0.0,0.0,99.70588235294117,268.237479835006
347.0,668.0,446.0,442.0,191.0,224.0,478.0,0.0,0.0,456.0,0.0,211.0,226.0,0.0,244.0,517.0,466.0,693.0,309.52941176470586,231.12013046440234
348.0,1401.0,3388.0,2108.0,1700.0,3354.0,3436.0,4158.0,3497.0,4021.0,1400.0,540.0,1438.0,1844.0,4440.0,3497.0,2764.0,1843.0,2637.0,1172.6438078120739
349.0,0.0,187.0,9.0,0.0,0.0,0.0,1758.0,178.0,0.0,0.0,0.0,0.0,58.0,244.0,2.0,0.0,0.0,143.2941176470588,423.61078313498507
350.0,,,,,,416.0,,,,,,8.0,,,137.0,,,187.0,208.54495918146762
351.0,897.0,1217.0,1518.0,0.0,2745.0,910.0,0.0,2241.0,976.0,1069.0,0.0,52.0,1571.0,340.0,1899.0,1536.0,747.0,1042.235294117647,818.3096548229591
352.0,1416.0,980.0,1573.0,149.0,51.0,960.0,110.0,0.0,61.0,1135.0,181.0,55.0,1045.0,479.0,732.0,455.0,761.0,596.6470588235294,519.4747276307663
353.0,167.0,814.0,508.0,2404.0,534.0,319.0,3197.0,1269.0,2553.0,605.0,2865.0,1573.0,415.0,6847.0,369.0,1504.0,793.0,1572.7058823529412,1668.5516835232388
354.0,3259.0,2995.0,3309.0,2227.0,3900.0,2873.0,5104.0,2437.0,6379.0,2899.0,3386.0,2254.0,6193.0,4350.0,666.0,3034.0,28.0,3252.529411764706,1652.2431766256086
355.0,406.0,34.0,5.0,105.0,0.0,31.0,228.0,176.0,187.0,955.0,210.0,671.0,890.0,349.0,25.0,75.0,85.0,260.70588235294116,303.54422344731796
356.0,0.0,83.0,1596.0,144.0,3819.0,69.0,104.0,117.0,1.0,3213.0,899.0,1526.0,7884.0,3896.0,68.0,1747.0,56.0,1483.6470588235295,2145.119604508583
357.0,1649.0,1304.0,2369.0,4773.0,1677.0,3380.0,1837.0,3432.0,1659.0,2789.0,2784.0,2972.0,3130.0,1634.0,4846.0,2762.0,4196.0,2776.0588235294117,1103.7594546927014
358.0,1741.0,3246.0,297.0,4078.0,3496.0,4536.0,829.0,531.0,2408.0,448.0,3716.0,2608.0,385.0,2108.0,963.0,7663.0,1309.0,2374.235294117647,1949.1555071816283
359.0,0.0,0.0,0.0,0.0,0.0,0.0,0.0,0.0,0.0,0.0,4637.0,0.0,0.0,0.0,0.0,0.0,2819.0,438.5882352941176,1279.1211855617673
360.0,494.0,0.0,2942.0,0.0,0.0,0.0,0.0,686.0,965.0,0.0,4976.0,66.0,0.0,462.0,0.0,0.0,44.0,625.5882352941177,1337.637892836825
361.0,2022.0,855.0,2727.0,1234.0,2903.0,3484.0,5278.0,2054.0,1695.0,1847.0,1098.0,560.0,1823.0,572.0,2376.0,911.0,1205.0,1920.235294117647,1202.0287813428058
362.0,,,,,,,,,,,131.0,,,,,,510.0,320.5,267.9934700697015
363.0,849.0,5.0,0.0,0.0,98.0,89.0,699.0,219.0,20.0,0.0,0.0,464.0,1561.0,1243.0,461.0,0.0,798.0,382.70588235294116,489.37584798213663
364.0,472.0,80.0,222.0,0.0,0.0,1397.0,469.0,2791.0,0.0,686.0,,0.0,0.0,0.0,2.0,0.0,0.0,382.4375,747.0021837317479
365.0,0.0,0.0,3496.0,77.0,0.0,0.0,5043.0,1075.0,0.0,33.0,476.0,1631.0,553.0,806.0,266.0,0.0,,841.0,1447.133949109987
366.0,325.0,1682.0,0.0,0.0,3730.0,0.0,120.0,0.0,0.0,0.0,901.0,119.0,245.0,0.0,129.0,285.0,2126.0,568.3529411764706,1026.960073540865
367.0,4.0,0.0,222.0,0.0,223.0,1822.0,0.0,0.0,0.0,230.0,472.0,0.0,248.0,944.0,0.0,2266.0,4658.0,652.2941176470588,1230.9921691823372
368.0,,,,,,345.0,,,,0.0,215.0,0.0,,76.0,,,0.0,106.0,143.95138068111746
369.0,5390.0,391.0,3282.0,444.0,905.0,0.0,1992.0,865.0,245.0,0.0,918.0,714.0,267.0,77.0,235.0,1281.0,0.0,1000.3529411764706,1411.6236636040992
370.0,226.0,356.0,66.0,,504.0,0.0,4149.0,218.0,,,955.0,12.0,0.0,257.0,980.0,167.0,1402.0,663.7142857142857,1090.6168634571643
371.0,1917.0,804.0,24.0,,7.0,0.0,1716.0,0.0,,,0.0,261.0,691.0,0.0,0.0,66.0,0.0,391.85714285714283,660.2339745112341
372.0,5334.0,598.0,0.0,223.0,228.0,257.0,112.0,0.0,445.0,,0.0,260.0,0.0,1491.0,0.0,73.0,4529.0,846.875,1643.5771100458496
373.0,226.0,,0.0,,689.0,612.0,0.0,434.0,,,938.0,0.0,,,468.0,488.0,0.0,350.45454545454544,327.8271994927705
374.0,0.0,,,,0.0,0.0,372.0,,,,0.0,0.0,,0.0,,624.0,0.0,110.66666666666667,228.45568498069818
375.0,0.0,,415.0,,0.0,713.0,2.0,0.0,,,,0.0,,255.0,0.0,0.0,2746.0,375.54545454545456,820.6558796031823
376.0,0.0,,0.0,,,529.0,0.0,219.0,,,,617.0,,478.0,235.0,600.0,0.0,267.8,265.6295666274119
377.0,623.0,,421.0,,,,867.0,,,,,306.0,,30.0,106.0,216.0,,367.0,296.2723971843029
378.0,9.0,,238.0,,,,207.0,,,1134.0,,,,533.0,0.0,525.0,0.0,330.75,390.9840150185171
379.0,0.0,,,,233.0,0.0,740.0,,,0.0,,358.0,,317.0,,0.0,0.0,183.11111111111111,257.0930981397811
,,,,,4.0,0.0,688.0,,,684.0,,202.0,,209.0,,,0.0,255.28571428571428,308.08695433038287
,,,,,687.0,1118.0,30.0,,,236.0,,563.0,,757.0,,,,565.1666666666666,387.82130764911136
,,,,,,,0.0,,,0.0,,,,0.0,,,,0.0,0.0
,,,,,,,218.0,,,459.0,,,,268.0,,,,315.0,127.18883598806933
,,,,,,,352.0,,,1332.0,,,,1703.0,,,,1129.0,698.0021489938265
,,,,,,,455.0,,,0.0,,,,986.0,,,,480.3333333333333,493.48792622852824
,,,,,,,3.0,,,0.0,,,,158.0,,,720.0,220.25,341.2392855460813
380.0,,,,,,,162.0,,,,,,,478.0,,466.0,2102.0,802.0,878.9144819984858
381.0,,,,,,,0.0,,,0.0,,,408.0,972.0,,1815.0,1406.0,766.8333333333334,755.5274757854056
382.0,,,,,,,263.0,,,,,,,3387.0,,106.0,1137.0,1223.25,1512.1266205799918
383.0,,,,,,,55.0,,,,,,0.0,893.0,1884.0,0.0,0.0,472.0,776.3022607206551
384.0,,,,,,,496.0,,,,,,246.0,3769.0,951.0,0.0,218.0,946.6666666666666,1420.3345615264973
385.0,,,,,,,0.0,,,,,,412.0,176.0,0.0,234.0,0.0,137.0,169.03372444574487
386.0,125.0,,,,0.0,1148.0,0.0,2.0,,,,169.0,0.0,0.0,235.0,0.0,0.0,152.63636363636363,340.74074388815694
387.0,0.0,301.0,,0.0,460.0,21.0,6.0,649.0,0.0,,0.0,10.0,,,,234.0,218.0,158.25,218.62010429052495
,0.0,211.0,,0.0,231.0,6.0,0.0,217.0,0.0,0.0,0.0,1113.0,0.0,,,,0.0,136.76923076923077,308.3018417736515
,0.0,0.0,,0.0,,0.0,,,0.0,2869.0,,,,,,,,478.1666666666667,1171.264345340823
,,0.0,,,,3061.0,,,,0.0,,,,,,,,1020.3333333333334,1767.2691739894444
,0.0,289.0,,,,902.0,,,0.0,0.0,,,,,,,,238.2,391.6084779470434
,6346.0,158.0,,,,86.0,,,224.0,0.0,,,,,,,,1362.8,2786.9397553589133
,4.0,742.0,,,,240.0,,,,3024.0,,,,,,,,1002.5,1382.3568039161717
,447.0,470.0,,,,91.0,,,0.0,0.0,,,,,,,,201.6,237.58009175854778
,3279.0,554.0,,,,6.0,,,0.0,,,,,,,,,959.75,1567.834254632804
,979.0,0.0,,,,0.0,,,,,,,,,,,,326.3333333333333,565.2259135366437
,0.0,224.0,,,,166.0,,,210.0,428.0,,,,,,,,205.6,153.0189530744476
388.0,224.0,0.0,0.0,,0.0,2.0,1194.0,0.0,0.0,653.0,,0.0,,,,0.0,,188.45454545454547,388.78769621384976
,0.0,,,,,,,,,,,,,,,,,0.0,
389.0,1617.0,0.0,,0.0,0.0,33.0,726.0,865.0,0.0,4057.0,18.0,,0.0,376.0,0.0,2515.0,,729.0714285714286,1220.8326581153042
390.0,209.0,1808.0,4.0,232.0,230.0,186.0,1002.0,728.0,452.0,230.0,,,0.0,410.0,701.0,0.0,245.0,429.1333333333333,478.2608174665886
391.0,2073.0,,873.0,,0.0,3.0,1632.0,0.0,,,,,669.0,964.0,235.0,2652.0,0.0,827.3636363636364,930.4966708943425
,2900.0,0.0,,0.0,232.0,0.0,,,0.0,0.0,,,,,,,,447.42857142857144,1084.9330021008757
,0.0,0.0,,212.0,456.0,616.0,,,259.0,0.0,,,,,,,,220.42857142857142,244.70925411111662
,0.0,2186.0,,0.0,1361.0,1064.0,,,0.0,4637.0,,1477.0,,,,,,1340.625,1561.5060438563792
,1.0,0.0,,255.0,0.0,0.0,,,0.0,230.0,720.0,1302.0,,,,,,278.6666666666667,451.75131433123687
,458.0,224.0,,413.0,0.0,0.0,,,250.0,755.0,0.0,0.0,,,,,,233.33333333333334,267.6364138154597
392.0,1470.0,0.0,0.0,238.0,0.0,31.0,123.0,1244.0,12.0,4370.0,300.0,0.0,0.0,1748.0,0.0,1589.0,243.0,668.7058823529412,1145.8031988907323
393.0,804.0,99.0,441.0,1978.0,469.0,4264.0,984.0,2.0,1696.0,26.0,1457.0,1707.0,684.0,726.0,1402.0,4354.0,441.0,1266.7058823529412,1296.1958168379633
394.0,,2.0,4.0,14.0,501.0,0.0,0.0,0.0,0.0,0.0,0.0,7.0,147.0,487.0,0.0,723.0,2794.0,292.4375,705.7333744647007
395.0,103.0,0.0,0.0,577.0,0.0,0.0,1156.0,0.0,1674.0,0.0,420.0,0.0,329.0,0.0,523.0,0.0,604.0,316.8235294117647,480.80170487610036
396.0,315.0,2372.0,459.0,1038.0,2169.0,57.0,1658.0,416.0,0.0,,90.0,3568.0,429.0,,99.0,0.0,2266.0,995.7333333333333,1128.7987589004683
397.0,0.0,0.0,0.0,0.0,0.0,0.0,106.0,0.0,0.0,0.0,2.0,0.0,0.0,0.0,0.0,4.0,0.0,6.588235294117647,25.639468655593785
398.0,64.0,3071.0,365.0,3198.0,2396.0,4076.0,5429.0,1947.0,127.0,893.0,1864.0,1394.0,1733.0,7292.0,674.0,783.0,851.0,2126.8823529411766,1979.7845805274162
399.0,3181.0,600.0,419.0,848.0,239.0,4840.0,495.0,0.0,2725.0,335.0,2286.0,4105.0,490.0,2940.0,421.0,2136.0,3071.0,1713.5882352941176,1538.0950498434554
400.0,110.0,2049.0,3941.0,2924.0,2740.0,6338.0,7107.0,2321.0,7402.0,1503.0,3960.0,2007.0,6534.0,7867.0,2984.0,3644.0,859.0,3781.764705882353,2410.8921981657477
401.0,139.0,978.0,689.0,2573.0,647.0,5146.0,610.0,551.0,5934.0,0.0,1767.0,2586.0,1346.0,1055.0,1831.0,4454.0,2509.0,1930.2941176470588,1763.1013075226945
402.0,2250.0,0.0,0.0,0.0,,,0.0,0.0,0.0,0.0,0.0,,0.0,0.0,0.0,,0.0,173.07692307692307,624.0377207533826
403.0,170.0,0.0,1934.0,3668.0,1158.0,5468.0,1248.0,2593.0,1440.0,2396.0,2489.0,1671.0,2851.0,1927.0,3860.0,81.0,2334.0,2075.764705882353,1425.0451979416198
404.0,,104.0,99.0,0.0,0.0,39.0,3.0,364.0,0.0,0.0,0.0,0.0,189.0,132.0,0.0,0.0,0.0,58.125,101.23627478988612
405.0,104.0,3108.0,1669.0,4178.0,3624.0,1230.0,480.0,1707.0,1440.0,2334.0,0.0,118.0,2119.0,617.0,2264.0,981.0,6710.0,1922.5294117647059,1739.0066890917592
406.0,1984.0,4666.0,0.0,0.0,3058.0,4225.0,0.0,0.0,1350.0,0.0,1850.0,944.0,0.0,74.0,2999.0,7714.0,0.0,1697.8823529411766,2215.619746322486
407.0,2699.0,1005.0,3183.0,242.0,3648.0,1703.0,131.0,0.0,355.0,893.0,545.0,0.0,211.0,1200.0,1527.0,60.0,126.0,1031.0588235294117,1164.4145240521218
408.0,3503.0,,,,1386.0,,,,,,0.0,,,,,5802.0,188.0,2175.8,2460.692219681283
409.0,42.0,370.0,2382.0,83.0,1101.0,0.0,2619.0,430.0,812.0,911.0,0.0,1503.0,346.0,291.0,0.0,0.0,0.0,640.5882352941177,831.1289053768622
410.0,0.0,202.0,398.0,1674.0,2556.0,1551.0,1395.0,0.0,147.0,1388.0,180.0,1156.0,592.0,836.0,49.0,601.0,1463.0,834.5882352941177,746.4636678050321
411.0,433.0,3.0,447.0,271.0,0.0,0.0,0.0,0.0,0.0,0.0,118.0,855.0,280.0,209.0,0.0,0.0,429.0,179.11764705882354,245.7648475557838
412.0,0.0,102.0,3436.0,870.0,471.0,131.0,3489.0,394.0,1037.0,357.0,777.0,3712.0,2359.0,2103.0,0.0,2.0,6.0,1132.1176470588234,1344.5501981310024
413.0,2421.0,647.0,1497.0,1298.0,1163.0,1321.0,4997.0,3001.0,933.0,996.0,403.0,959.0,1467.0,3576.0,1433.0,172.0,253.0,1561.0,1271.9711081624457
414.0,97.0,0.0,658.0,1046.0,136.0,0.0,408.0,641.0,8.0,0.0,154.0,1295.0,380.0,842.0,0.0,5405.0,0.0,651.1764705882352,1291.6075369135026
415.0,299.0,228.0,1964.0,0.0,0.0,710.0,1097.0,2564.0,1.0,523.0,204.0,4944.0,0.0,3403.0,0.0,0.0,0.0,937.4705882352941,1450.829681494655
416.0,34.0,181.0,12.0,0.0,418.0,19.0,275.0,0.0,223.0,555.0,0.0,0.0,0.0,1378.0,,0.0,0.0,193.4375,359.8814561768917
417.0,835.0,0.0,143.0,223.0,365.0,66.0,472.0,384.0,10.0,215.0,0.0,966.0,227.0,992.0,273.0,57.0,0.0,307.52941176470586,331.6918972569007
418.0,756.0,,,,,,,,,,0.0,,,,,,0.0,252.0,436.4768035073571
419.0,0.0,955.0,0.0,0.0,623.0,0.0,5.0,0.0,18.0,0.0,41.0,0.0,0.0,0.0,436.0,600.0,36.0,159.64705882352942,297.94020817449064
420.0,0.0,2211.0,2690.0,3652.0,647.0,1575.0,565.0,605.0,400.0,418.0,434.0,5401.0,0.0,2714.0,523.0,30.0,831.0,1335.0588235294117,1515.9646462973762
421.0,443.0,167.0,195.0,261.0,616.0,407.0,418.0,1122.0,622.0,295.0,2163.0,2549.0,1584.0,971.0,3321.0,5144.0,1549.0,1283.9411764705883,1352.6678948742478
422.0,,603.0,3675.0,2152.0,3637.0,4550.0,258.0,2179.0,1812.0,2275.0,4384.0,4904.0,5.0,3063.0,3525.0,5061.0,3493.0,2848.5,1607.7314452358019
423.0,54.0,10.0,1084.0,0.0,0.0,144.0,429.0,764.0,790.0,1857.0,0.0,843.0,1748.0,1047.0,1165.0,408.0,1583.0,701.5294117647059,640.5366029399744
424.0,0.0,290.0,0.0,0.0,0.0,0.0,0.0,155.0,0.0,230.0,0.0,0.0,0.0,243.0,0.0,0.0,0.0,54.0,103.22971955788701
425.0,4.0,960.0,6569.0,5122.0,7251.0,3301.0,476.0,4286.0,1615.0,3572.0,2964.0,2733.0,2335.0,5872.0,2794.0,3978.0,3849.0,3393.0,2041.2454225300787
426.0,233.0,0.0,20.0,220.0,0.0,0.0,0.0,20.0,0.0,0.0,0.0,0.0,0.0,26.0,0.0,0.0,0.0,30.529411764705884,74.29680145122234
427.0,0.0,184.0,53.0,3.0,0.0,69.0,69.0,0.0,0.0,0.0,176.0,226.0,0.0,0.0,0.0,207.0,256.0,73.11764705882354,95.44231396041091
428.0,32.0,189.0,1537.0,2663.0,1318.0,497.0,0.0,0.0,1627.0,708.0,1427.0,672.0,0.0,382.0,805.0,0.0,1.0,697.5294117647059,775.9578047200004
429.0,628.0,1687.0,1077.0,1730.0,2448.0,2069.0,551.0,1053.0,502.0,1878.0,772.0,450.0,2409.0,1015.0,2101.0,686.0,3243.0,1429.3529411764705,835.1621804458454
430.0,3.0,37.0,242.0,223.0,707.0,3.0,0.0,219.0,0.0,458.0,208.0,0.0,353.0,,231.0,33.0,628.0,209.0625,228.71334861204173
431.0,711.0,6.0,0.0,0.0,20.0,0.0,230.0,61.0,31.0,0.0,332.0,0.0,0.0,242.0,0.0,60.0,,105.8125,192.66316677905337
432.0,1027.0,10.0,443.0,437.0,1086.0,275.0,455.0,278.0,477.0,0.0,0.0,1121.0,416.0,726.0,403.0,1837.0,,561.9375,493.3069995786937
433.0,448.0,6.0,,,468.0,440.0,,,,,213.0,226.0,0.0,,,234.0,12.0,227.44444444444446,193.36824397448973
434.0,499.0,2.0,0.0,,0.0,0.0,480.0,0.0,,,84.0,0.0,81.0,0.0,67.0,0.0,7.0,87.14285714285714,173.48148078634844
435.0,864.0,11.0,,7.0,891.0,,0.0,0.0,646.0,746.0,990.0,6.0,,,,517.0,205.0,406.9166666666667,406.40943491493744
436.0,1753.0,,0.0,0.0,,,,,0.0,0.0,0.0,24.0,55.0,0.0,4.0,,0.0,166.9090909090909,526.3250810184622
437.0,225.0,75.0,611.0,886.0,466.0,0.0,7.0,1785.0,486.0,27.0,0.0,6.0,1021.0,1635.0,539.0,0.0,867.0,508.0,571.4972659602143
438.0,0.0,215.0,263.0,220.0,235.0,16.0,241.0,838.0,20.0,216.0,26.0,226.0,2.0,710.0,464.0,738.0,0.0,260.5882352941176,272.4938207610242
439.0,5530.0,432.0,0.0,1160.0,483.0,750.0,1116.0,341.0,721.0,369.0,685.0,448.0,0.0,0.0,119.0,0.0,381.0,737.3529411764706,1287.273860779849
440.0,,388.0,333.0,0.0,650.0,307.0,0.0,0.0,6.0,624.0,290.0,444.0,0.0,888.0,166.0,0.0,1.0,256.0625,284.70369831341026
441.0,,76.0,139.0,425.0,246.0,262.0,0.0,913.0,239.0,0.0,115.0,0.0,527.0,40.0,0.0,232.0,0.0,200.875,248.5072433551988
442.0,,561.0,868.0,1880.0,1305.0,338.0,1376.0,1961.0,353.0,255.0,2278.0,0.0,89.0,2062.0,207.0,2023.0,1286.0,1052.625,810.6893260265201
443.0,,1984.0,3716.0,1628.0,556.0,3461.0,2318.0,2156.0,1955.0,1058.0,1036.0,631.0,1017.0,4485.0,1031.0,283.0,256.0,1723.1875,1263.997796345653
444.0,,279.0,0.0,1.0,0.0,273.0,0.0,0.0,0.0,35.0,0.0,0.0,1358.0,0.0,0.0,0.0,36.0,123.875,341.90990528695323
445.0,,22.0,8.0,0.0,0.0,0.0,404.0,0.0,136.0,0.0,349.0,351.0,609.0,1577.0,7.0,0.0,0.0,216.4375,411.1445761529635
446.0,0.0,2117.0,5223.0,6840.0,2120.0,4294.0,2675.0,2673.0,1781.0,2854.0,827.0,601.0,902.0,4349.0,376.0,1162.0,459.0,2309.0,1919.266526566855
447.0,14.0,0.0,4.0,0.0,229.0,483.0,1216.0,1327.0,384.0,353.0,0.0,2573.0,1804.0,764.0,2710.0,33.0,0.0,699.6470588235294,911.0303192798025
448.0,145.0,648.0,219.0,1.0,182.0,148.0,1009.0,547.0,187.0,36.0,318.0,,2444.0,386.0,732.0,209.0,,480.73333333333335,611.4191298781486
449.0,361.0,923.0,626.0,642.0,902.0,88.0,2.0,6.0,331.0,0.0,951.0,411.0,2.0,1.0,94.0,371.0,226.0,349.2352941176471,345.93253124918823
450.0,0.0,1752.0,3609.0,6283.0,512.0,1551.0,1340.0,2019.0,1544.0,2088.0,695.0,216.0,718.0,4712.0,47.0,228.0,0.0,1606.7058823529412,1772.544737260032
451.0,315.0,0.0,0.0,0.0,117.0,0.0,0.0,0.0,0.0,0.0,1845.0,456.0,0.0,0.0,0.0,0.0,424.0,185.7058823529412,455.4103595530467
452.0,0.0,,1.0,221.0,518.0,,6.0,55.0,204.0,1170.0,0.0,26.0,486.0,0.0,2055.0,870.0,860.0,431.46666666666664,591.2871995747518
453.0,416.0,143.0,306.0,18.0,0.0,0.0,15.0,0.0,225.0,1868.0,1473.0,0.0,272.0,3617.0,0.0,0.0,0.0,491.3529411764706,969.8540445072437
454.0,869.0,810.0,0.0,7299.0,,418.0,0.0,57.0,664.0,0.0,1.0,,411.0,243.0,235.0,7.0,436.0,763.3333333333334,1833.0050528597906
455.0,223.0,0.0,222.0,218.0,,0.0,318.0,0.0,10.0,954.0,20.0,,201.0,0.0,1321.0,1188.0,218.0,326.2,447.73161603800105
456.0,0.0,13.0,0.0,0.0,,240.0,14.0,0.0,0.0,823.0,192.0,,2.0,544.0,0.0,146.0,5.0,131.93333333333334,243.24340151575
457.0,756.0,0.0,0.0,1441.0,,0.0,586.0,290.0,0.0,521.0,,,236.0,0.0,884.0,159.0,2413.0,520.4285714285714,692.8266199235746
,225.0,1455.0,870.0,0.0,,450.0,0.0,0.0,230.0,607.0,1191.0,,0.0,244.0,28.0,,0.0,378.57142857142856,482.0446379403395
,132.0,,0.0,4.0,,0.0,0.0,0.0,41.0,394.0,,,4.0,891.0,0.0,,,133.27272727272728,278.0065074450923
,0.0,,222.0,445.0,0.0,196.0,252.0,219.0,243.0,463.0,,504.0,4.0,694.0,662.0,,,300.3076923076923,236.66410255021236
,2956.0,,0.0,0.0,0.0,,0.0,0.0,0.0,0.0,,,0.0,32.0,206.0,,,290.3636363636364,886.2265255257566
,1594.0,,442.0,0.0,0.0,,484.0,,179.0,0.0,,0.0,221.0,0.0,0.0,,,265.45454545454544,477.0965025309583
,2968.0,,660.0,664.0,1.0,115.0,0.0,0.0,132.0,294.0,,498.0,438.0,0.0,55.0,,,448.0769230769231,797.6753163138561
458.0,1410.0,,0.0,18.0,0.0,,0.0,776.0,0.0,0.0,0.0,559.0,355.0,244.0,0.0,1907.0,0.0,351.26666666666665,590.0645808077363
459.0,0.0,224.0,,,0.0,235.0,0.0,,470.0,,1253.0,204.0,0.0,,1575.0,76.0,0.0,336.4166666666667,527.9646094085083
460.0,1999.0,0.0,0.0,223.0,460.0,1105.0,1275.0,219.0,646.0,1069.0,0.0,209.0,74.0,476.0,889.0,,91.0,545.9375,578.3648754606962
461.0,1004.0,132.0,441.0,637.0,0.0,783.0,70.0,436.0,0.0,0.0,351.0,0.0,1425.0,0.0,695.0,774.0,0.0,396.94117647058823,432.37302624415577
462.0,0.0,3667.0,222.0,4632.0,3880.0,5380.0,241.0,798.0,1319.0,1068.0,803.0,267.0,223.0,464.0,3005.0,2056.0,5062.0,1946.2941176470588,1903.7916366000338
463.0,419.0,563.0,405.0,442.0,0.0,0.0,53.0,1743.0,1.0,1411.0,89.0,45.0,1248.0,878.0,762.0,125.0,5986.0,833.5294117647059,1432.64149029193
464.0,,4.0,75.0,2.0,180.0,0.0,1.0,492.0,224.0,30.0,2316.0,328.0,1407.0,961.0,916.0,30.0,2668.0,602.125,851.003476295289
465.0,,215.0,0.0,0.0,416.0,572.0,17.0,848.0,0.0,5.0,43.0,42.0,223.0,0.0,0.0,1458.0,358.0,262.3125,405.9743372431317
466.0,,0.0,211.0,218.0,399.0,169.0,3503.0,0.0,223.0,325.0,1635.0,478.0,2765.0,100.0,3457.0,0.0,1394.0,929.8125,1246.9795089869494
467.0,,253.0,0.0,2088.0,0.0,300.0,0.0,0.0,6963.0,0.0,62.0,0.0,1784.0,0.0,2122.0,164.0,198.0,870.875,1800.330224338487
468.0,,0.0,0.0,0.0,0.0,949.0,0.0,0.0,419.0,0.0,369.0,1777.0,0.0,0.0,0.0,1280.0,43.0,302.3125,550.6369304420715
469.0,,545.0,76.0,0.0,4.0,4589.0,0.0,0.0,414.0,0.0,199.0,0.0,0.0,0.0,0.0,316.0,2926.0,566.8125,1293.4100777273488
470.0,,2935.0,3502.0,2732.0,2413.0,5215.0,5197.0,2174.0,20.0,1591.0,2426.0,1.0,3204.0,7594.0,2247.0,2812.0,2285.0,2896.75,1886.2052026931394
471.0,,2570.0,145.0,919.0,231.0,4392.0,343.0,0.0,225.0,341.0,219.0,2076.0,223.0,244.0,235.0,194.0,218.0,785.9375,1206.1588877506977
472.0,,0.0,746.0,502.0,0.0,325.0,0.0,214.0,5.0,0.0,213.0,1735.0,211.0,964.0,368.0,677.0,157.0,382.3125,466.84568738859883
473.0,,6.0,56.0,28.0,11.0,237.0,0.0,627.0,0.0,15.0,0.0,410.0,233.0,0.0,0.0,0.0,60.0,105.1875,183.0406944734786
474.0,,2738.0,5635.0,1511.0,3849.0,0.0,2828.0,1483.0,1403.0,2034.0,297.0,3167.0,2165.0,3132.0,2290.0,1273.0,1699.0,2219.0,1371.928812536083
475.0,,212.0,9.0,377.0,233.0,239.0,1416.0,417.0,228.0,27.0,44.0,226.0,479.0,258.0,1914.0,774.0,1419.0,517.0,570.3009731711844
476.0,,953.0,,125.0,2498.0,0.0,972.0,4.0,227.0,276.0,301.0,0.0,182.0,605.0,373.0,467.0,1296.0,551.9333333333333,665.1246356528835
477.0,,0.0,,573.0,,,,529.0,1229.0,1084.0,353.0,0.0,645.0,750.0,4.0,0.0,0.0,430.5833333333333,444.357852991428
478.0,,561.0,,,,,,,428.0,,,,,0.0,,0.0,277.0,253.2,252.03313274250272
479.0,,,,,,,,,,,,,,0.0,,0.0,,0.0,0.0
,,,,,,,,,,,,,,,,,,,
,,,,,,,,,,,,,,,,,,,
