CFNO,A_AOI_1_DC
2.0,7.79
3.0,10.83
4.0,7.86
5.0,4.87
6.0,1.51
7.0,10.09
8.0,2.81
9.0,21.51
10.0,
11.0,18.41
12.0,11.06
13.0,52.19
14.0,34.02
15.0,72.84
16.0,48.39
17.0,22.58
18.0,5.54
19.0,10.28
20.0,20.32
21.0,2.86
22.0,4.37
23.0,0.32
24.0,2.88
25.0,0.32
26.0,0.85
27.0,13.97
28.0,1.13
29.0,10.73
30.0,1.78
31.0,8.53
32.0,19.84
33.0,7.8
34.0,0.87
35.0,16.38
36.0,36.68
37.0,7.74
38.0,
39.0,36.93
40.0,13.64
41.0,4.55
42.0,30.4
43.0,10.05
44.0,1.04
45.0,5.21
46.0,54.57
47.0,23.09
48.0,18.25
49.0,37.34
50.0,27.37
51.0,2.85
52.0,4.66
53.0,38.26
54.0,7.41
55.0,18.16
56.0,8.03
57.0,16.85
58.0,2.89
59.0,37.83
60.0,29.94
61.0,44.34
62.0,8.09
63.0,40.5
64.0,23.05
65.0,5.42
66.0,3.74
67.0,10.97
68.0,56.18
69.0,35.59
70.0,2.58
71.0,45.17
72.0,45.7
73.0,5.69
74.0,9.31
75.0,29.63
76.0,39.94
77.0,1.45
78.0,2.8
,
79.0,4.71
80.0,19.28
81.0,4.16
82.0,4.72
83.0,5.15
84.0,4.35
85.0,4.6
86.0,21.09
87.0,32.12
88.0,6.82
89.0,11.56
90.0,37.16
91.0,58.6
92.0,5.83
93.0,12.91
94.0,
95.0,10.57
96.0,2.98
97.0,
98.0,11.13
99.0,41.72
100.0,13.9
101.0,
102.0,32.89
103.0,14.47
104.0,
,
,
,
105.0,8.11
106.0,5.36
107.0,57.97
108.0,9.21
109.0,34.07
110.0,7.42
111.0,18.81
112.0,76.16
113.0,28.86
114.0,13.21
115.0,9.21
116.0,30.91
117.0,13.18
118.0,
119.0,5.58
120.0,13.25
121.0,4.59
122.0,0.0
123.0,1.94
124.0,35.53
125.0,0.0
126.0,
127.0,4.49
128.0,8.75
129.0,8.62
130.0,57.14
131.0,20.44
132.0,31.71
133.0,36.51
134.0,43.61
135.0,2.7
136.0,3.05
137.0,12.9
138.0,
139.0,6.38
140.0,0.14
141.0,2.44
142.0,14.89
143.0,3.25
144.0,
145.0,10.02
146.0,7.59
147.0,
148.0,
149.0,
150.0,
151.0,
152.0,
,
,
153.0,
154.0,
155.0,
,
,
,
,
,
,
,
,
,
,
,
156.0,
157.0,
158.0,
,
,
,
,
,
,
,
,
,
159.0,
,
160.0,
161.0,
162.0,
163.0,
164.0,
165.0,
166.0,
167.0,
168.0,2.83
169.0,7.13
170.0,3.02
171.0,1.19
172.0,10.3
173.0,3.83
174.0,15.49
175.0,19.76
176.0,75.44
177.0,31.47
178.0,
179.0,12.14
180.0,9.08
181.0,9.66
182.0,25.81
183.0,14.85
184.0,7.8
185.0,21.68
186.0,30.32
187.0,14.25
188.0,28.57
189.0,20.83
190.0,4.59
191.0,3.24
192.0,2.79
193.0,4.92
194.0,
195.0,36.45
196.0,20.56
197.0,26.67
198.0,60.67
199.0,18.74
200.0,4.15
201.0,52.46
202.0,9.99
203.0,5.88
204.0,16.23
205.0,53.42
206.0,19.15
207.0,16.85
208.0,8.9
209.0,6.96
210.0,2.16
211.0,20.47
212.0,
213.0,15.83
214.0,11.86
215.0,46.53
216.0,45.05
217.0,13.86
218.0,34.77
219.0,46.11
220.0,8.72
221.0,1.98
222.0,35.06
223.0,10.78
224.0,8.86
225.0,18.4
226.0,18.39
227.0,3.68
228.0,16.98
229.0,7.24
,
,
,
,
,
,
230.0,0.0
231.0,2.91
232.0,9.14
233.0,2.83
234.0,2.87
235.0,0.0
236.0,6.33
237.0,5.83
238.0,18.26
239.0,9.7
240.0,10.66
241.0,18.39
242.0,7.1
243.0,1.79
244.0,20.62
245.0,11.54
246.0,34.41
247.0,17.44
248.0,0.0
249.0,5.76
250.0,50.38
251.0,6.97
252.0,32.27
