CFNO,D_ATA_DC
13.0,22.68
14.0,6.37
15.0,9.67
16.0,4.63
17.0,9.73
18.0,2.4
19.0,29.25
20.0,17.11
21.0,
22.0,21.51
23.0,13.16
24.0,30.93
25.0,47.49
26.0,37.93
27.0,37.89
28.0,13.89
29.0,31.2
30.0,45.65
31.0,13.81
32.0,8.97
33.0,7.77
34.0,23.38
,
,
,
,
,
,
,
35.0,0.8
36.0,
37.0,36.04
38.0,3.31
39.0,7.77
40.0,18.12
41.0,27.56
42.0,
43.0,3.53
44.0,32.16
45.0,2.48
46.0,38.77
47.0,5.99
48.0,6.61
49.0,21.18
50.0,72.85
51.0,8.8
52.0,5.55
53.0,24.33
54.0,27.36
55.0,3.58
56.0,2.83
57.0,36.46
58.0,
59.0,16.26
60.0,11.02
61.0,24.38
62.0,4.22
63.0,18.31
64.0,32.0
65.0,26.68
66.0,10.71
67.0,34.39
68.0,11.62
69.0,3.29
70.0,4.66
71.0,8.82
72.0,19.27
73.0,11.82
74.0,1.6
75.0,45.3
76.0,40.88
77.0,2.68
78.0,2.95
79.0,22.54
80.0,4.87
81.0,3.15
82.0,1.32
,
83.0,3.27
84.0,14.28
85.0,3.27
86.0,14.79
87.0,8.34
88.0,8.25
89.0,5.54
90.0,27.7
91.0,36.85
92.0,11.92
93.0,55.92
94.0,44.92
95.0,55.01
96.0,5.24
97.0,14.34
98.0,
99.0,8.36
100.0,2.42
101.0,
102.0,21.39
103.0,49.55
104.0,6.14
105.0,
106.0,21.41
107.0,2.3
108.0,
,
,
,
109.0,3.68
,
110.0,24.06
111.0,6.88
112.0,28.14
113.0,3.92
114.0,7.31
115.0,40.24
116.0,25.1
117.0,2.75
118.0,21.85
119.0,19.59
120.0,18.56
121.0,
122.0,11.1
123.0,6.65
124.0,4.56
125.0,3.89
126.0,2.22
127.0,30.8
128.0,2.97
129.0,
130.0,8.52
131.0,12.94
132.0,7.77
133.0,50.45
134.0,22.9
135.0,28.33
136.0,37.68
137.0,27.64
138.0,3.21
139.0,8.74
140.0,36.12
141.0,
142.0,5.99
143.0,4.44
144.0,5.32
145.0,10.09
146.0,0.42
147.0,
148.0,12.67
149.0,4.44
150.0,10.35
151.0,18.05
152.0,5.57
153.0,
154.0,1.9
155.0,1.2
,
,
,
,
,
,
,
,
,
,
,
,
,
,
,
,
156.0,4.59
157.0,0.42
158.0,1.25
,
,
,
,
,
,
,
,
,
159.0,6.01
,
160.0,2.97
161.0,8.8
162.0,13.02
,
,
,
,
,
163.0,11.23
164.0,34.4
165.0,4.52
166.0,0.0
167.0,5.77
168.0,1.7
169.0,15.62
170.0,15.76
171.0,57.15
172.0,31.48
173.0,7.07
174.0,16.37
175.0,11.01
176.0,9.9
177.0,0.71
178.0,4.75
179.0,
180.0,12.93
181.0,4.86
182.0,3.99
183.0,27.8
184.0,20.01
185.0,8.58
186.0,32.71
187.0,2.08
188.0,6.9
189.0,
190.0,18.16
191.0,17.19
192.0,27.77
193.0,67.41
194.0,26.54
195.0,8.15
196.0,53.57
197.0,14.26
198.0,3.58
199.0,11.34
200.0,53.93
201.0,8.02
202.0,5.81
203.0,21.77
204.0,
205.0,6.29
206.0,0.36
,
207.0,36.14
208.0,11.62
209.0,47.12
210.0,9.87
211.0,15.34
212.0,29.22
213.0,47.38
214.0,5.86
215.0,28.15
216.0,40.35
217.0,16.47
218.0,11.72
219.0,4.16
220.0,21.9
221.0,5.04
222.0,5.23
223.0,7.67
224.0,7.64
225.0,0.0
226.0,1.71
227.0,17.27
228.0,1.59
229.0,4.35
230.0,4.02
231.0,2.76
232.0,
233.0,2.4
234.0,0.45
235.0,
236.0,9.49
237.0,3.5
238.0,14.12
239.0,24.81
240.0,15.31
241.0,5.28
242.0,17.73
243.0,1.23
244.0,7.05
245.0,3.94
246.0,36.79
247.0,6.45
248.0,7.88
249.0,7.23
250.0,50.18
251.0,5.21
252.0,24.72
253.0,18.45
254.0,
255.0,
256.0,
257.0,
