CFNO,M_Anc_6_DC
1.0,9.2
2.0,1.79
3.0,1.1
4.0,6.92
5.0,5.16
6.0,3.47
7.0,42.39
8.0,8.97
9.0,
10.0,28.22
11.0,4.67
12.0,34.68
13.0,59.11
14.0,21.32
15.0,11.93
16.0,9.0
17.0,3.81
18.0,6.11
19.0,25.66
20.0,6.92
21.0,14.74
22.0,6.9
,
,
,
,
,
,
,
23.0,41.6
24.0,
25.0,12.19
26.0,2.64
27.0,6.03
28.0,3.46
29.0,10.0
30.0,
31.0,17.26
32.0,6.36
33.0,1.67
34.0,4.57
35.0,29.59
36.0,4.43
37.0,25.97
38.0,51.74
39.0,9.75
40.0,35.67
41.0,52.82
42.0,68.56
43.0,2.64
44.0,6.18
45.0,33.39
46.0,
47.0,15.94
48.0,17.85
49.0,40.59
50.0,11.04
51.0,23.22
52.0,19.53
53.0,5.65
54.0,3.35
55.0,2.74
56.0,5.14
57.0,1.66
58.0,0.36
59.0,3.25
60.0,24.73
61.0,40.48
62.0,3.45
63.0,8.48
64.0,36.47
65.0,5.8
66.0,3.45
67.0,1.87
68.0,1.52
69.0,0.94
70.0,1.26
,
71.0,0.21
72.0,20.41
73.0,0.56
74.0,19.67
75.0,2.94
76.0,6.06
77.0,5.55
78.0,17.48
79.0,60.44
80.0,6.89
81.0,61.12
82.0,33.51
83.0,37.69
84.0,8.21
85.0,10.51
86.0,
87.0,14.91
88.0,2.38
89.0,
90.0,17.4
91.0,13.59
92.0,10.61
93.0,0.29
94.0,3.25
95.0,1.71
96.0,
,
,
,
97.0,4.7
,
98.0,21.08
99.0,7.6
100.0,24.25
101.0,10.2
102.0,2.58
103.0,39.35
104.0,21.15
105.0,3.28
106.0,8.15
107.0,17.37
108.0,3.74
109.0,
110.0,2.22
111.0,6.13
112.0,4.37
113.0,1.46
114.0,3.63
115.0,35.07
116.0,0.47
117.0,
118.0,9.82
119.0,6.67
120.0,8.81
121.0,47.24
122.0,14.43
123.0,44.64
124.0,8.97
125.0,34.98
126.0,2.38
127.0,4.17
128.0,24.99
129.0,
130.0,11.35
131.0,4.53
132.0,3.71
133.0,4.54
134.0,10.21
135.0,2.04
136.0,3.54
,
,
,
,
,
,
,
,
137.0,21.75
138.0,5.0
139.0,6.88
140.0,0.62
141.0,5.6
142.0,5.73
143.0,0.89
144.0,1.67
145.0,0.33
,
146.0,2.48
,
,
,
,
,
,
147.0,0.44
148.0,6.81
149.0,1.95
150.0,10.11
151.0,15.87
152.0,12.58
153.0,12.44
,
,
154.0,10.79
155.0,17.17
,
156.0,20.08
157.0,3.09
,
158.0,1.32
159.0,2.14
160.0,17.27
161.0,11.68
162.0,18.39
163.0,9.39
164.0,21.35
165.0,6.24
166.0,0.58
167.0,
168.0,0.0
169.0,4.47
170.0,16.1
171.0,45.3
172.0,7.97
173.0,7.0
174.0,17.08
175.0,5.46
176.0,34.47
177.0,1.2
178.0,8.56
179.0,
180.0,15.54
181.0,29.14
182.0,6.5
183.0,9.39
184.0,19.2
185.0,16.26
186.0,8.09
187.0,13.77
188.0,19.59
189.0,
190.0,3.34
191.0,21.71
192.0,8.26
193.0,18.68
194.0,6.91
195.0,13.76
196.0,36.47
197.0,3.81
198.0,33.09
199.0,20.34
200.0,38.13
201.0,8.49
202.0,2.55
203.0,17.82
,
204.0,
205.0,2.45
206.0,4.77
207.0,49.28
208.0,11.51
209.0,27.27
210.0,25.35
211.0,12.25
212.0,31.79
213.0,39.62
214.0,19.39
215.0,20.32
216.0,34.81
217.0,20.99
218.0,44.67
219.0,8.71
220.0,23.11
221.0,10.71
222.0,22.62
223.0,35.31
224.0,4.71
225.0,26.4
226.0,10.65
227.0,18.58
228.0,0.72
229.0,17.76
230.0,1.6
231.0,5.25
232.0,8.07
233.0,0.53
234.0,10.74
235.0,
236.0,5.4
237.0,0.72
238.0,5.14
239.0,13.69
240.0,3.84
241.0,2.89
242.0,9.88
243.0,3.11
244.0,4.26
245.0,3.44
246.0,17.08
247.0,27.54
248.0,4.46
249.0,10.27
250.0,6.58
251.0,11.66
252.0,7.82
253.0,16.0
