CFNO,M_ATA_DC
12.0,16.25
13.0,3.98
14.0,5.72
15.0,3.64
16.0,7.68
17.0,2.56
18.0,16.14
19.0,18.33
20.0,
21.0,23.59
22.0,13.12
23.0,45.93
24.0,41.84
25.0,23.16
26.0,16.22
27.0,21.93
28.0,6.11
29.0,6.37
30.0,13.1
31.0,9.07
32.0,7.71
33.0,11.78
,
,
,
,
,
,
,
34.0,8.96
35.0,
36.0,32.2
37.0,2.65
38.0,5.73
39.0,15.35
40.0,1.17
41.0,
42.0,20.23
43.0,6.78
44.0,0.43
45.0,5.51
46.0,2.0
47.0,5.58
48.0,3.54
49.0,44.18
50.0,9.15
51.0,5.21
52.0,16.11
53.0,33.79
54.0,4.38
55.0,4.42
56.0,32.57
57.0,
58.0,16.01
59.0,7.88
60.0,26.17
61.0,14.3
62.0,20.61
63.0,31.6
64.0,15.62
65.0,13.12
66.0,54.36
67.0,10.19
68.0,2.08
69.0,2.45
70.0,9.33
71.0,21.1
72.0,4.9
73.0,1.34
74.0,42.07
75.0,38.89
76.0,0.53
77.0,7.15
78.0,39.43
79.0,2.25
80.0,1.52
81.0,5.43
,
82.0,11.1
83.0,4.72
84.0,1.9
85.0,9.39
86.0,8.16
87.0,3.44
88.0,6.42
89.0,28.15
90.0,29.53
91.0,9.29
92.0,40.27
93.0,37.22
94.0,30.16
95.0,7.6
96.0,10.91
97.0,
98.0,30.85
99.0,1.22
100.0,
101.0,17.33
102.0,31.71
103.0,0.74
104.0,
105.0,22.7
106.0,4.03
107.0,
,
,
,
108.0,0.54
,
109.0,21.63
110.0,2.18
111.0,27.18
112.0,2.48
113.0,5.09
114.0,43.39
115.0,22.49
116.0,3.13
117.0,25.03
118.0,30.79
119.0,16.51
120.0,
121.0,2.69
122.0,2.21
123.0,4.55
124.0,2.38
125.0,5.71
126.0,42.96
127.0,18.25
128.0,
129.0,9.13
130.0,6.27
131.0,9.12
132.0,50.69
133.0,23.43
134.0,28.19
135.0,25.97
136.0,22.65
137.0,2.41
138.0,3.71
139.0,46.64
140.0,
141.0,1.93
142.0,4.86
143.0,9.91
144.0,1.9
145.0,2.85
146.0,
147.0,5.5
148.0,5.21
149.0,14.31
150.0,1.97
151.0,1.07
152.0,
153.0,1.93
154.0,1.78
,
,
,
,
,
,
,
,
,
,
,
,
,
,
,
,
155.0,18.11
156.0,3.57
157.0,0.24
,
,
,
,
,
,
,
,
,
158.0,1.88
,
159.0,5.93
160.0,4.71
161.0,25.67
,
,
,
,
,
162.0,29.07
163.0,22.57
164.0,11.11
165.0,1.1
166.0,9.19
167.0,3.29
168.0,1.29
169.0,21.03
170.0,24.95
171.0,37.24
172.0,3.83
173.0,30.25
174.0,6.33
175.0,22.94
176.0,3.18
177.0,17.27
178.0,
179.0,16.77
180.0,5.73
181.0,4.42
182.0,9.29
183.0,11.81
184.0,20.55
185.0,10.82
186.0,0.53
187.0,10.78
188.0,
189.0,6.58
190.0,19.71
191.0,11.15
192.0,43.48
193.0,20.7
194.0,3.12
195.0,28.35
196.0,11.85
197.0,5.35
198.0,13.9
199.0,54.62
200.0,7.8
201.0,4.31
202.0,10.31
203.0,
204.0,4.76
205.0,1.86
,
206.0,31.53
207.0,10.64
208.0,36.35
209.0,15.2
210.0,17.0
211.0,18.52
212.0,30.24
213.0,7.58
214.0,28.18
215.0,10.59
216.0,17.5
217.0,18.14
218.0,5.26
219.0,5.66
220.0,2.93
221.0,8.82
222.0,3.34
223.0,1.97
224.0,6.93
225.0,4.34
226.0,5.61
227.0,2.58
228.0,5.94
229.0,4.93
230.0,1.72
231.0,
232.0,0.26
233.0,0.65
234.0,
235.0,1.05
236.0,2.1
237.0,11.72
238.0,9.91
239.0,2.92
240.0,3.88
241.0,18.27
242.0,2.23
243.0,3.02
244.0,4.34
245.0,5.7
246.0,3.21
247.0,5.95
248.0,6.73
249.0,42.6
250.0,8.22
251.0,30.39
252.0,11.85
253.0,9.21
254.0,17.07
255.0,
256.0,
