CFNO,A_ASA_DC
9.0,28.77
10.0,1.84
11.0,8.86
12.0,4.21
13.0,7.45
14.0,2.8
15.0,14.72
16.0,18.16
17.0,
18.0,24.61
19.0,12.76
20.0,63.42
21.0,50.63
22.0,45.63
23.0,47.94
24.0,28.3
25.0,16.85
26.0,4.99
27.0,33.6
28.0,4.65
29.0,0.22
30.0,4.33
,
,
,
,
,
,
,
31.0,19.16
32.0,
33.0,31.1
34.0,
35.0,9.95
36.0,38.65
37.0,17.82
38.0,
39.0,43.36
40.0,2.72
41.0,2.83
42.0,15.76
43.0,5.7
44.0,6.22
45.0,12.53
46.0,70.0
47.0,7.71
48.0,6.22
49.0,21.29
50.0,27.71
51.0,8.28
52.0,1.99
53.0,33.07
54.0,
55.0,21.35
56.0,14.47
57.0,30.23
58.0,8.26
59.0,21.42
60.0,36.64
61.0,14.14
62.0,5.09
63.0,27.73
64.0,16.52
65.0,1.71
66.0,0.87
67.0,12.98
68.0,15.09
69.0,16.51
70.0,2.36
71.0,60.82
72.0,59.09
73.0,8.73
74.0,1.59
75.0,44.35
76.0,4.48
77.0,0.47
78.0,1.41
,
79.0,5.39
80.0,22.46
81.0,5.23
82.0,4.49
83.0,1.12
84.0,10.95
85.0,3.86
86.0,26.05
87.0,36.28
88.0,10.34
89.0,48.26
90.0,48.66
91.0,66.17
92.0,3.43
93.0,20.47
94.0,
95.0,6.47
96.0,0.25
97.0,
98.0,7.68
99.0,40.0
100.0,24.14
101.0,
102.0,18.49
103.0,2.84
104.0,
,
,
,
105.0,1.97
,
106.0,40.24
107.0,2.21
108.0,34.29
109.0,1.05
110.0,3.65
111.0,72.3
112.0,26.68
113.0,2.82
114.0,24.53
115.0,21.65
116.0,36.08
117.0,
118.0,13.36
119.0,18.92
120.0,3.21
121.0,0.66
122.0,1.48
123.0,37.36
124.0,10.08
125.0,
126.0,4.81
127.0,13.59
128.0,4.71
129.0,60.01
130.0,23.15
131.0,22.8
132.0,26.69
133.0,26.28
134.0,1.74
135.0,4.31
136.0,54.17
137.0,
138.0,1.65
139.0,4.79
140.0,8.0
141.0,2.66
142.0,1.7
143.0,
144.0,20.88
145.0,
146.0,
147.0,
148.0,
149.0,
150.0,
151.0,
152.0,
153.0,
154.0,
155.0,
156.0,
157.0,
158.0,
159.0,
160.0,
161.0,
162.0,
163.0,
164.0,
165.0,
166.0,
167.0,
168.0,
169.0,
170.0,
,
,
,
,
,
,
,
,
,
171.0,
,
172.0,
173.0,
174.0,
,
,
,
,
,
175.0,9.26
176.0,19.53
177.0,1.68
178.0,24.85
179.0,23.15
180.0,2.14
181.0,14.53
182.0,7.64
183.0,59.36
184.0,28.89
185.0,4.38
186.0,39.62
187.0,15.08
188.0,16.03
189.0,3.0
190.0,20.84
191.0,
192.0,13.01
193.0,8.89
194.0,14.04
195.0,13.02
196.0,17.49
197.0,28.92
198.0,11.26
199.0,13.1
200.0,12.93
201.0,
202.0,13.73
203.0,17.28
204.0,27.73
205.0,50.63
206.0,10.21
207.0,10.47
208.0,51.66
209.0,15.67
210.0,4.02
211.0,11.35
212.0,53.87
213.0,6.18
214.0,6.26
215.0,20.04
216.0,
217.0,4.27
218.0,0.21
,
219.0,41.63
220.0,5.85
221.0,57.36
222.0,4.11
223.0,19.36
224.0,36.84
225.0,48.12
226.0,0.69
227.0,28.31
228.0,42.51
229.0,13.19
230.0,24.79
231.0,4.86
232.0,32.97
233.0,6.36
234.0,14.33
235.0,4.94
236.0,3.74
237.0,19.83
238.0,0.26
239.0,18.44
240.0,2.83
241.0,12.23
242.0,6.87
243.0,3.28
244.0,3.8
245.0,1.91
246.0,0.52
247.0,0.0
248.0,9.1
249.0,3.72
250.0,26.63
251.0,22.52
252.0,13.56
253.0,4.07
254.0,26.49
255.0,0.42
256.0,9.39
257.0,2.86
258.0,49.77
259.0,12.35
260.0,5.08
261.0,5.95
262.0,60.15
263.0,5.54
264.0,20.36
265.0,7.35
266.0,5.89
267.0,0.0
268.0,
269.0,
