CFNO,D_Anc_cFLIP_DC
3.0,24.33
4.0,25.83
5.0,7.2
6.0,8.65
7.0,10.3
8.0,0.35
9.0,2.02
10.0,16.73
11.0,
12.0,23.38
13.0,12.21
14.0,8.96
15.0,29.48
16.0,15.99
17.0,9.81
,
,
,
,
,
,
,
,
,
18.0,7.7
19.0,13.84
20.0,
21.0,3.74
,
,
,
,
,
,
,
,
,
,
,
,
22.0,12.32
23.0,20.73
24.0,1.41
25.0,4.64
26.0,38.63
27.0,3.54
28.0,12.67
29.0,2.26
30.0,23.57
31.0,22.0
32.0,0.39
33.0,11.71
34.0,1.62
35.0,15.53
36.0,19.1
37.0,25.17
38.0,4.02
39.0,7.33
40.0,5.35
41.0,15.91
42.0,4.95
43.0,13.01
44.0,2.0
45.0,5.78
46.0,8.76
47.0,4.99
48.0,16.55
49.0,5.39
50.0,16.47
51.0,6.63
52.0,15.97
53.0,0.0
54.0,6.37
55.0,8.35
56.0,0.0
57.0,27.43
58.0,6.28
59.0,0.31
60.0,14.22
61.0,2.9
62.0,1.26
63.0,5.42
64.0,26.57
65.0,23.72
66.0,3.37
67.0,11.05
68.0,34.25
69.0,2.06
70.0,47.95
71.0,31.04
72.0,33.9
73.0,6.3
74.0,18.92
75.0,
76.0,3.04
77.0,16.44
78.0,34.4
79.0,
80.0,10.68
81.0,4.5
82.0,1.51
83.0,4.03
84.0,1.63
85.0,6.32
86.0,4.37
87.0,7.31
,
88.0,3.53
89.0,2.5
90.0,7.01
91.0,6.92
92.0,21.4
93.0,8.59
94.0,15.35
95.0,11.07
96.0,9.91
97.0,3.68
98.0,5.27
99.0,3.01
100.0,4.25
101.0,
102.0,0.19
103.0,0.32
104.0,2.13
105.0,6.86
106.0,6.83
107.0,4.86
108.0,1.59
109.0,
110.0,2.8
111.0,7.89
112.0,11.42
113.0,34.35
114.0,9.67
115.0,26.95
116.0,26.9
117.0,22.01
118.0,35.93
119.0,23.88
120.0,16.22
121.0,14.5
122.0,4.66
123.0,
124.0,18.61
125.0,22.34
126.0,12.52
127.0,6.82
128.0,15.04
129.0,8.92
130.0,2.22
131.0,4.49
132.0,10.91
133.0,3.97
,
,
,
,
,
,
,
,
,
,
,
,
,
,
,
,
,
,
,
134.0,1.87
135.0,0.95
136.0,
137.0,
,
,
,
,
,
,
,
,
,
138.0,11.26
,
,
,
,
,
139.0,17.91
140.0,0.85
141.0,13.68
142.0,26.37
143.0,6.7
144.0,8.5
145.0,2.53
146.0,2.07
147.0,13.01
148.0,16.42
149.0,29.05
150.0,24.24
151.0,6.29
152.0,22.85
153.0,13.12
154.0,7.08
155.0,29.98
156.0,7.54
157.0,3.04
158.0,2.76
159.0,6.72
160.0,16.39
161.0,23.41
162.0,26.23
163.0,11.67
164.0,8.41
165.0,9.79
166.0,2.78
167.0,2.51
168.0,6.49
169.0,17.07
170.0,27.2
171.0,57.11
172.0,0.66
173.0,0.93
174.0,23.5
175.0,1.44
176.0,6.09
177.0,13.92
178.0,16.12
179.0,3.23
180.0,18.35
181.0,3.74
182.0,2.31
183.0,3.9
184.0,40.67
185.0,0.84
186.0,2.49
187.0,10.26
188.0,16.7
189.0,13.38
190.0,10.96
191.0,33.14
192.0,21.42
193.0,5.7
194.0,17.56
195.0,21.89
196.0,7.81
197.0,12.28
198.0,31.26
199.0,12.77
200.0,21.41
201.0,6.03
202.0,30.7
203.0,8.2
204.0,10.46
205.0,7.96
,
206.0,18.36
,
,
,
,
,
207.0,4.94
208.0,22.9
209.0,13.17
210.0,8.95
211.0,19.77
212.0,9.62
213.0,19.23
214.0,8.81
215.0,13.65
216.0,10.3
217.0,10.7
218.0,9.44
219.0,27.51
220.0,5.49
221.0,12.79
222.0,2.49
223.0,13.41
224.0,5.28
225.0,9.66
226.0,7.1
