CFNO,D_Anc_6_DC
1.0,11.12
2.0,6.32
3.0,9.79
4.0,5.12
5.0,7.61
6.0,1.2
7.0,27.79
8.0,9.34
9.0,
10.0,26.59
11.0,5.79
12.0,31.39
13.0,46.66
14.0,31.66
15.0,38.93
16.0,10.09
17.0,20.35
18.0,4.8
19.0,12.99
20.0,13.29
21.0,10.13
22.0,11.28
,
,
,
,
,
,
,
23.0,13.11
24.0,
25.0,15.28
26.0,3.38
27.0,4.61
28.0,35.68
29.0,12.13
30.0,
31.0,39.62
32.0,8.64
33.0,2.72
34.0,22.97
35.0,41.29
36.0,2.85
37.0,13.55
38.0,61.56
39.0,19.52
40.0,17.99
41.0,23.49
42.0,67.88
43.0,14.59
44.0,11.55
45.0,34.93
46.0,
47.0,18.44
48.0,15.19
49.0,37.87
50.0,11.65
51.0,30.67
52.0,22.86
53.0,20.06
54.0,7.87
55.0,28.86
56.0,6.28
57.0,1.38
58.0,0.0
59.0,9.0
60.0,33.34
61.0,14.99
62.0,0.17
63.0,14.43
64.0,27.61
65.0,10.75
66.0,4.03
67.0,3.57
68.0,1.36
69.0,0.88
70.0,2.13
,
71.0,4.45
72.0,20.89
73.0,4.45
74.0,12.98
75.0,1.2
76.0,5.02
77.0,3.88
78.0,14.91
79.0,61.39
80.0,7.07
81.0,70.62
82.0,27.43
83.0,45.58
84.0,6.6
85.0,16.26
86.0,
87.0,10.79
88.0,0.35
89.0,
90.0,6.5
91.0,31.32
92.0,16.19
93.0,3.36
94.0,5.66
95.0,5.29
96.0,
,
,
,
97.0,6.52
,
98.0,32.13
99.0,4.36
100.0,11.89
101.0,14.81
102.0,11.79
103.0,44.67
104.0,18.08
105.0,14.29
106.0,3.55
107.0,12.35
108.0,6.54
109.0,
110.0,5.62
111.0,7.98
112.0,4.86
113.0,1.29
114.0,2.15
115.0,32.54
116.0,0.8
117.0,
118.0,6.26
119.0,10.87
120.0,6.65
121.0,48.25
122.0,18.23
123.0,42.89
124.0,15.53
125.0,21.62
126.0,3.68
127.0,7.05
128.0,22.11
129.0,
130.0,3.35
131.0,5.77
132.0,5.25
133.0,1.68
134.0,3.17
135.0,0.98
136.0,1.46
,
,
,
,
,
,
,
,
137.0,6.86
138.0,2.89
139.0,6.04
140.0,3.97
141.0,1.6
142.0,5.47
143.0,3.31
144.0,2.96
145.0,0.0
,
146.0,1.73
,
,
,
,
,
,
147.0,1.65
148.0,6.4
149.0,1.19
150.0,0.3
151.0,2.87
152.0,7.96
153.0,7.87
,
,
154.0,13.2
155.0,12.67
,
156.0,12.96
157.0,2.1
,
158.0,0.2
159.0,0.48
160.0,7.97
161.0,4.72
162.0,8.15
163.0,5.52
164.0,7.31
165.0,4.77
166.0,0.0
167.0,
168.0,1.43
169.0,11.9
170.0,13.08
171.0,49.67
172.0,5.6
173.0,10.13
174.0,13.39
175.0,7.01
176.0,20.55
177.0,1.46
178.0,10.08
179.0,
180.0,4.26
181.0,17.13
182.0,2.63
183.0,4.81
184.0,13.35
185.0,7.14
186.0,7.34
187.0,13.08
188.0,5.02
189.0,
190.0,10.9
191.0,22.15
192.0,24.87
193.0,46.83
194.0,18.26
195.0,26.7
196.0,54.46
197.0,10.92
198.0,4.73
199.0,44.46
200.0,42.5
201.0,12.5
202.0,4.9
203.0,4.76
,
204.0,
205.0,5.58
206.0,4.28
207.0,10.29
208.0,9.96
209.0,30.2
210.0,16.84
211.0,3.98
212.0,28.42
213.0,45.66
214.0,11.63
215.0,11.08
216.0,40.67
217.0,16.09
218.0,13.75
219.0,12.84
220.0,28.18
221.0,5.05
222.0,2.13
223.0,42.35
224.0,4.21
225.0,4.92
226.0,3.32
227.0,4.22
228.0,1.17
229.0,1.37
230.0,8.04
231.0,2.59
232.0,4.78
233.0,0.67
234.0,3.97
235.0,
236.0,4.93
237.0,0.4
238.0,9.3
239.0,24.62
240.0,12.57
241.0,1.61
242.0,16.45
243.0,0.0
244.0,7.33
245.0,1.14
246.0,43.47
247.0,9.38
248.0,1.07
249.0,8.32
250.0,50.16
251.0,5.56
252.0,21.21
253.0,19.06
