CFNO,D_ASA_DC
9.0,21.34
10.0,9.97
11.0,7.78
12.0,6.86
13.0,7.13
14.0,2.0
15.0,39.38
16.0,6.67
17.0,
18.0,26.89
19.0,10.72
20.0,45.46
21.0,31.98
22.0,43.69
23.0,21.79
24.0,16.06
25.0,27.11
26.0,22.39
27.0,7.9
28.0,7.38
29.0,1.36
30.0,2.96
,
,
,
,
,
,
,
31.0,9.65
32.0,
33.0,4.57
34.0,
35.0,13.55
36.0,45.4
37.0,4.47
38.0,
39.0,12.97
40.0,4.87
41.0,4.24
42.0,10.83
43.0,0.87
44.0,4.99
45.0,9.79
46.0,22.62
47.0,5.91
48.0,4.32
49.0,17.33
50.0,15.32
51.0,6.17
52.0,1.66
53.0,21.57
54.0,
55.0,13.0
56.0,14.33
57.0,22.08
58.0,6.62
59.0,14.02
60.0,30.11
61.0,7.6
62.0,7.08
63.0,37.05
64.0,17.01
65.0,2.8
66.0,1.12
67.0,13.76
68.0,11.69
69.0,13.32
70.0,2.95
71.0,54.69
72.0,28.36
73.0,4.53
74.0,4.05
75.0,35.15
76.0,2.7
77.0,2.66
78.0,7.69
,
79.0,9.53
80.0,17.56
81.0,2.36
82.0,10.91
83.0,8.61
84.0,7.65
85.0,3.58
86.0,19.71
87.0,31.04
88.0,5.68
89.0,30.64
90.0,34.18
91.0,37.76
92.0,5.14
93.0,9.29
94.0,
95.0,4.22
96.0,0.43
97.0,
98.0,15.45
99.0,31.47
100.0,4.69
101.0,
102.0,15.49
103.0,3.84
104.0,
,
,
,
105.0,1.12
,
106.0,17.32
107.0,4.12
108.0,15.72
109.0,5.95
110.0,11.48
111.0,25.06
112.0,9.24
113.0,7.69
114.0,27.55
115.0,10.57
116.0,13.95
117.0,
118.0,5.42
119.0,27.57
120.0,3.18
121.0,1.17
122.0,1.37
123.0,33.44
124.0,5.38
125.0,
126.0,3.57
127.0,9.71
128.0,8.49
129.0,33.51
130.0,11.77
131.0,13.9
132.0,26.44
133.0,22.53
134.0,3.78
135.0,2.98
136.0,26.86
137.0,
138.0,18.28
139.0,10.27
140.0,20.73
141.0,4.07
142.0,0.0
143.0,
144.0,7.74
145.0,12.19
146.0,11.44
147.0,2.31
148.0,6.73
149.0,4.2
150.0,1.6
151.0,6.26
152.0,13.86
153.0,5.59
154.0,9.4
155.0,7.65
156.0,4.29
157.0,2.01
158.0,1.44
159.0,4.05
160.0,3.61
161.0,0.69
162.0,6.55
163.0,0.48
164.0,3.76
165.0,2.51
166.0,2.78
167.0,1.35
168.0,0.0
169.0,3.7
170.0,0.44
,
,
,
,
,
,
,
,
,
171.0,5.55
,
172.0,1.9
173.0,5.32
174.0,5.03
,
,
,
,
,
175.0,4.74
176.0,7.3
177.0,3.83
178.0,7.7
179.0,8.54
180.0,2.79
181.0,15.39
182.0,11.12
183.0,32.32
184.0,12.7
185.0,3.68
186.0,17.52
187.0,4.64
188.0,11.0
189.0,2.32
190.0,9.18
191.0,
192.0,17.62
193.0,11.32
194.0,2.58
195.0,12.98
196.0,32.67
197.0,14.71
198.0,14.66
199.0,11.25
200.0,9.53
201.0,
202.0,8.28
203.0,7.91
204.0,13.39
205.0,12.93
206.0,12.39
207.0,3.08
208.0,15.79
209.0,5.49
210.0,4.82
211.0,6.37
212.0,24.45
213.0,4.7
214.0,6.89
215.0,17.51
216.0,
217.0,2.49
218.0,1.57
,
219.0,13.48
220.0,2.48
221.0,15.08
222.0,2.82
223.0,8.62
224.0,19.51
225.0,17.76
226.0,4.5
227.0,17.23
228.0,20.04
229.0,9.54
230.0,12.39
231.0,4.13
232.0,12.8
233.0,3.6
234.0,4.23
235.0,4.13
236.0,2.7
237.0,5.15
238.0,1.65
239.0,11.07
240.0,2.73
241.0,0.81
242.0,7.04
243.0,2.65
244.0,4.25
245.0,0.9
246.0,0.25
247.0,0.28
248.0,6.74
249.0,4.09
250.0,5.12
251.0,5.21
252.0,6.02
253.0,1.81
254.0,13.41
255.0,0.18
256.0,6.49
257.0,2.05
258.0,23.39
259.0,7.41
260.0,7.32
261.0,3.62
262.0,18.42
263.0,5.18
264.0,11.16
265.0,
266.0,
267.0,
268.0,
269.0,
