CFNO,D_Cp8_DC
11.0,21.25
12.0,15.98
13.0,3.45
14.0,5.57
15.0,5.78
16.0,4.89
17.0,3.1
18.0,14.91
19.0,
20.0,14.9
21.0,8.27
22.0,40.27
23.0,12.16
24.0,35.58
25.0,29.72
26.0,24.61
27.0,11.13
28.0,6.84
29.0,18.85
30.0,3.52
31.0,5.64
32.0,3.01
33.0,21.56
34.0,0.0
35.0,4.53
36.0,16.25
37.0,0.37
38.0,4.17
39.0,30.52
40.0,2.59
41.0,2.92
42.0,28.04
43.0,7.91
44.0,16.98
45.0,38.31
46.0,8.37
47.0,
48.0,13.05
49.0,16.18
50.0,12.03
51.0,0.33
52.0,1.08
53.0,
54.0,0.0
55.0,7.53
56.0,11.41
57.0,2.02
58.0,8.37
59.0,14.29
60.0,3.33
61.0,0.0
62.0,7.72
63.0,11.54
64.0,12.3
65.0,3.39
66.0,23.63
67.0,4.83
68.0,3.16
69.0,15.89
70.0,4.84
71.0,10.3
72.0,11.28
73.0,21.87
74.0,25.32
75.0,4.29
76.0,12.23
77.0,36.0
78.0,22.97
79.0,3.46
80.0,22.49
81.0,40.64
82.0,7.53
83.0,14.37
84.0,25.86
85.0,12.39
86.0,1.41
87.0,8.54
,
88.0,6.88
89.0,20.19
90.0,5.54
91.0,0.69
92.0,4.79
93.0,9.82
94.0,3.37
95.0,16.0
96.0,17.66
97.0,8.24
98.0,5.32
99.0,28.5
100.0,23.5
101.0,8.36
102.0,23.01
103.0,
104.0,13.54
105.0,10.4
106.0,
107.0,20.28
108.0,31.48
109.0,17.41
110.0,
111.0,25.48
112.0,22.29
113.0,
,
,
114.0,30.75
115.0,4.89
,
116.0,6.48
117.0,4.98
118.0,40.55
119.0,4.59
120.0,5.67
121.0,52.65
122.0,32.05
123.0,3.63
124.0,16.42
125.0,18.58
126.0,18.29
127.0,
128.0,1.94
129.0,9.07
130.0,3.05
131.0,0.0
132.0,5.38
133.0,29.8
134.0,0.0
135.0,
136.0,5.82
137.0,6.73
138.0,10.68
139.0,25.3
140.0,19.85
141.0,4.29
142.0,35.85
143.0,26.2
144.0,2.52
145.0,2.92
146.0,14.64
147.0,
148.0,4.31
149.0,7.49
150.0,1.95
151.0,18.24
152.0,18.99
153.0,
154.0,23.21
155.0,4.84
156.0,6.94
157.0,4.13
158.0,20.22
159.0,17.8
160.0,3.66
161.0,5.64
162.0,14.75
163.0,18.62
164.0,1.35
,
,
,
,
,
,
,
165.0,11.7
166.0,28.86
167.0,10.99
168.0,2.22
169.0,0.49
170.0,7.56
171.0,5.0
172.0,10.91
,
,
,
,
,
,
,
,
,
,
173.0,1.4
,
174.0,33.93
175.0,7.48
176.0,19.16
,
,
,
,
,
177.0,22.38
178.0,41.69
179.0,13.95
180.0,0.88
181.0,7.95
182.0,2.58
183.0,12.03
184.0,18.21
185.0,30.45
186.0,61.85
187.0,
188.0,10.85
189.0,1.63
190.0,6.43
191.0,13.74
192.0,11.4
193.0,13.27
194.0,3.43
195.0,16.33
196.0,2.57
197.0,4.58
198.0,15.1
199.0,8.07
200.0,1.23
201.0,0.0
202.0,12.62
203.0,
204.0,8.15
205.0,3.69
206.0,13.28
207.0,15.17
208.0,5.37
209.0,1.71
210.0,20.24
211.0,1.32
212.0,9.48
213.0,6.08
214.0,20.35
215.0,9.94
216.0,7.0
217.0,39.7
218.0,3.45
219.0,1.01
220.0,11.94
221.0,
222.0,5.85
223.0,18.37
224.0,9.83
225.0,7.6
226.0,21.05
227.0,23.05
228.0,11.62
229.0,5.45
230.0,10.58
231.0,15.28
232.0,5.48
233.0,5.62
234.0,7.85
235.0,4.3
236.0,1.63
237.0,11.81
238.0,2.14
239.0,2.79
240.0,8.62
241.0,6.53
242.0,6.34
,
,
,
,
,
,
243.0,6.54
244.0,2.67
245.0,
246.0,8.13
247.0,12.03
248.0,1.88
249.0,1.8
250.0,19.7
251.0,0.74
252.0,23.4
253.0,6.21
254.0,10.12
255.0,22.57
256.0,7.01
257.0,11.53
258.0,3.76
259.0,4.47
260.0,23.27
261.0,4.53
262.0,2.77
263.0,1.01
264.0,3.96
