CFNO,M_AFA_DC
9.0,3.44
10.0,5.6
11.0,1.25
12.0,1.63
13.0,5.79
14.0,1.63
15.0,39.19
16.0,8.63
17.0,
18.0,26.69
19.0,8.01
20.0,31.77
21.0,35.46
22.0,28.89
23.0,19.46
24.0,19.74
25.0,14.91
26.0,9.74
27.0,18.6
28.0,13.4
29.0,6.02
30.0,1.9
,
,
,
,
,
,
,
31.0,14.06
32.0,
33.0,5.3
34.0,
35.0,4.4
36.0,24.41
37.0,12.63
38.0,
39.0,0.0
40.0,0.84
41.0,1.76
42.0,2.77
43.0,0.0
44.0,4.86
45.0,2.61
46.0,2.72
47.0,3.33
48.0,4.59
49.0,2.84
50.0,12.19
51.0,6.14
52.0,0.23
53.0,4.94
54.0,
55.0,11.37
56.0,20.66
57.0,22.06
58.0,9.97
59.0,15.2
60.0,16.71
61.0,13.2
62.0,5.99
63.0,22.41
64.0,10.73
65.0,0.14
66.0,1.51
67.0,15.56
68.0,4.64
69.0,1.15
70.0,3.92
71.0,25.88
72.0,5.66
73.0,3.31
74.0,8.74
75.0,16.66
76.0,1.67
77.0,1.52
78.0,14.49
,
79.0,5.07
80.0,19.4
81.0,5.59
82.0,9.65
83.0,7.4
84.0,5.05
85.0,0.22
86.0,14.55
87.0,14.21
88.0,7.12
89.0,23.57
90.0,43.22
91.0,31.49
92.0,13.88
93.0,18.16
94.0,
95.0,18.69
96.0,11.36
97.0,
98.0,14.63
99.0,11.05
100.0,12.13
101.0,
102.0,7.22
103.0,3.01
104.0,
,
,
,
105.0,1.51
106.0,2.46
107.0,10.85
108.0,5.05
109.0,13.06
110.0,33.44
111.0,7.23
112.0,11.34
113.0,14.35
114.0,5.71
115.0,13.1
116.0,76.14
117.0,
118.0,24.76
119.0,41.33
120.0,3.27
121.0,7.08
122.0,2.0
123.0,5.13
124.0,8.08
125.0,
126.0,3.22
127.0,1.08
128.0,7.03
129.0,18.82
130.0,32.8
131.0,5.51
132.0,16.37
133.0,23.53
134.0,2.49
135.0,2.39
136.0,30.59
137.0,
138.0,0.47
139.0,3.22
140.0,7.24
141.0,0.69
142.0,11.34
143.0,
144.0,9.88
145.0,4.52
146.0,1.74
147.0,1.03
148.0,2.15
149.0,2.22
150.0,0.83
151.0,1.28
152.0,15.52
153.0,1.96
154.0,7.5
155.0,9.96
,
,
,
,
,
,
,
,
,
,
,
,
,
156.0,3.79
157.0,1.69
158.0,2.18
,
,
,
,
,
,
,
,
,
159.0,0.43
,
160.0,9.03
161.0,1.71
162.0,3.64
,
,
,
,
,
163.0,0.53
164.0,5.4
165.0,4.83
166.0,7.25
167.0,3.19
168.0,1.3
169.0,4.51
170.0,0.0
171.0,6.09
172.0,5.84
173.0,26.58
174.0,12.21
175.0,14.81
176.0,39.98
177.0,8.04
178.0,12.99
179.0,6.83
180.0,0.85
181.0,4.23
182.0,11.9
183.0,20.53
184.0,21.19
185.0,0.52
186.0,23.51
187.0,2.26
188.0,12.12
189.0,4.26
190.0,15.62
191.0,
192.0,11.21
193.0,17.04
194.0,4.4
195.0,9.08
196.0,22.41
197.0,21.54
198.0,3.38
199.0,21.83
200.0,8.66
201.0,
202.0,6.68
203.0,17.45
204.0,13.91
205.0,12.65
206.0,6.92
207.0,1.15
208.0,21.95
209.0,0.0
210.0,2.57
211.0,6.16
212.0,11.53
213.0,1.56
214.0,6.08
215.0,13.35
216.0,
217.0,0.0
218.0,3.35
219.0,2.49
220.0,4.5
221.0,24.92
222.0,2.05
223.0,3.22
224.0,18.09
,
,
,
,
,
,
225.0,10.15
226.0,5.41
227.0,19.53
228.0,10.78
229.0,8.78
230.0,18.65
231.0,5.56
232.0,19.38
233.0,4.84
234.0,5.57
235.0,9.89
236.0,0.99
237.0,12.63
238.0,1.49
239.0,8.89
240.0,2.09
241.0,0.0
242.0,10.72
243.0,3.28
244.0,5.36
245.0,0.73
246.0,4.16
247.0,0.67
248.0,3.0
