CFNO,M_AOE_1_DC
37.0,11.1
38.0,4.52
39.0,3.48
40.0,6.44
41.0,5.3
42.0,5.17
43.0,38.36
44.0,15.57
45.0,
46.0,20.43
47.0,14.92
48.0,16.88
49.0,39.92
50.0,14.45
51.0,19.9
52.0,17.73
53.0,13.41
54.0,8.89
55.0,8.23
56.0,6.8
57.0,23.72
58.0,4.15
,
,
,
,
,
,
,
59.0,11.32
60.0,
61.0,13.41
62.0,4.78
63.0,20.05
64.0,5.47
65.0,4.54
66.0,
67.0,15.04
68.0,2.37
69.0,2.44
70.0,0.67
71.0,6.2
72.0,4.09
73.0,12.8
74.0,19.35
75.0,17.81
76.0,3.98
77.0,18.59
78.0,24.38
79.0,7.59
80.0,2.64
81.0,24.08
82.0,
83.0,15.75
84.0,6.37
85.0,28.99
86.0,9.68
87.0,28.23
88.0,14.63
89.0,15.25
90.0,12.09
91.0,1.41
92.0,6.18
93.0,0.72
94.0,3.51
95.0,3.85
96.0,2.64
97.0,3.64
98.0,3.51
99.0,4.58
100.0,3.61
101.0,3.23
102.0,4.73
103.0,5.16
104.0,0.72
105.0,2.76
106.0,22.55
,
107.0,4.81
108.0,23.7
109.0,3.78
110.0,7.59
111.0,7.7
112.0,5.44
113.0,4.53
114.0,14.87
115.0,14.62
116.0,4.86
117.0,20.86
118.0,20.79
119.0,8.59
120.0,1.97
121.0,3.66
122.0,
123.0,5.79
124.0,14.89
125.0,
126.0,10.91
127.0,7.96
128.0,3.55
129.0,
130.0,9.1
131.0,1.13
132.0,
,
,
,
133.0,0.52
,
134.0,11.38
135.0,0.0
136.0,6.45
137.0,11.65
138.0,2.28
139.0,7.78
140.0,5.11
141.0,1.43
142.0,6.27
143.0,4.53
144.0,2.4
145.0,
146.0,3.15
147.0,3.64
148.0,0.96
149.0,2.25
150.0,1.2
151.0,4.6
152.0,22.2
153.0,
154.0,3.47
155.0,2.97
156.0,10.11
157.0,18.95
158.0,5.7
159.0,5.51
160.0,19.27
161.0,5.46
162.0,1.51
163.0,2.6
164.0,23.35
165.0,
166.0,3.59
167.0,13.66
168.0,2.98
169.0,5.61
170.0,4.39
171.0,
172.0,10.62
173.0,5.25
174.0,4.57
175.0,11.47
176.0,0.26
177.0,
178.0,14.09
179.0,2.23
180.0,1.06
181.0,8.27
,
,
,
,
,
,
,
,
,
,
,
,
,
,
,
,
,
,
,
,
,
,
,
,
,
,
182.0,1.99
,
183.0,
184.0,0.52
185.0,4.95
,
,
,
,
,
186.0,3.67
187.0,3.96
188.0,2.62
189.0,0.73
190.0,1.97
191.0,0.0
192.0,1.96
193.0,3.85
194.0,12.32
195.0,15.39
196.0,0.52
197.0,9.25
198.0,3.19
199.0,7.11
200.0,1.4
201.0,3.28
202.0,
203.0,14.09
204.0,26.83
205.0,2.89
206.0,5.31
207.0,39.27
208.0,1.2
209.0,4.58
210.0,4.05
211.0,10.16
212.0,
213.0,1.81
214.0,4.25
215.0,16.97
216.0,9.76
217.0,20.01
218.0,5.79
219.0,20.3
220.0,2.18
221.0,5.93
222.0,30.67
223.0,25.82
224.0,21.34
225.0,5.21
226.0,15.62
227.0,
228.0,0.95
,
229.0,2.73
230.0,18.08
231.0,8.52
232.0,6.34
233.0,4.73
234.0,12.43
235.0,24.78
236.0,14.45
237.0,10.91
238.0,28.0
239.0,25.19
240.0,15.7
241.0,14.08
242.0,3.07
243.0,7.63
244.0,6.86
245.0,2.01
246.0,22.97
247.0,2.13
248.0,3.44
249.0,0.79
250.0,0.57
251.0,0.86
252.0,11.74
253.0,5.03
254.0,3.6
255.0,1.39
256.0,2.4
257.0,11.11
258.0,
259.0,0.96
260.0,4.21
261.0,3.78
262.0,2.79
263.0,2.28
264.0,2.11
265.0,3.28
266.0,0.18
267.0,0.71
268.0,0.59
269.0,8.47
270.0,1.76
271.0,3.59
272.0,3.7
273.0,11.92
274.0,15.08
