A_Cp8_Numbering,M_AFA_BC,M_AO810_BC,M_AOE_1_BC,M_AOE_2_BC,M_AOI_1_BC,M_AOI_2_BC,M_ASA_BC,M_ATA_BC,M_Anc_37_BC,M_Anc_6_BC,M_Anc_cFLIP_BC,M_Cp10_BC,M_Cp3_BC,M_Cp6_BC,M_Cp7_BC,M_Cp8_BC,M_cFLIP_BC, Average, Std
226.0,237.0,229.0,2121.0,0.0,268.0,242.0,237.0,890.0,193.0,234.0,20.0,276.0,1067.0,232.0,185.0,0.0,848.0,428.1764705882353,535.223929221933
227.0,696.0,726.0,1205.0,244.0,252.0,26.0,696.0,0.0,48.0,213.0,0.0,224.0,0.0,947.0,311.0,433.0,145.0,362.70588235294116,365.2993232791916
228.0,0.0,123.0,497.0,98.0,0.0,77.0,0.0,0.0,0.0,0.0,0.0,0.0,0.0,16.0,0.0,192.0,0.0,59.0,126.39570799675121
229.0,0.0,0.0,424.0,1514.0,265.0,0.0,0.0,119.0,25.0,0.0,0.0,390.0,37.0,450.0,248.0,0.0,0.0,204.23529411764707,376.277080323092
230.0,1225.0,60.0,444.0,0.0,0.0,79.0,1225.0,230.0,1437.0,507.0,0.0,919.0,557.0,0.0,23.0,0.0,0.0,394.47058823529414,505.7892492984428
231.0,0.0,0.0,328.0,521.0,1503.0,472.0,0.0,0.0,0.0,0.0,0.0,136.0,0.0,923.0,144.0,281.0,245.0,267.8235294117647,408.62302848929687
232.0,743.0,490.0,1797.0,1384.0,230.0,246.0,743.0,1082.0,731.0,1944.0,213.0,0.0,0.0,701.0,427.0,0.0,0.0,631.2352941176471,613.993742782832
233.0,1399.0,196.0,1728.0,2072.0,2148.0,1178.0,1399.0,1252.0,1552.0,285.0,425.0,546.0,628.0,2529.0,329.0,2166.0,1604.0,1260.9411764705883,745.9495182809152
234.0,,,,,,,,,,,,,,,,,,,
235.0,1514.0,804.0,140.0,1184.0,2270.0,315.0,1514.0,1587.0,650.0,1539.0,2230.0,5031.0,2640.0,1596.0,1556.0,246.0,1336.0,1538.3529411764705,1147.012365952111
236.0,2047.0,0.0,0.0,699.0,1447.0,534.0,2047.0,0.0,0.0,0.0,1488.0,387.0,0.0,0.0,0.0,0.0,0.0,508.7647058823529,758.7650764080214
237.0,4206.0,960.0,2039.0,1096.0,284.0,496.0,4206.0,760.0,989.0,393.0,2922.0,5637.0,347.0,5196.0,4785.0,863.0,3109.0,2252.235294117647,1907.2889637326773
238.0,2746.0,3053.0,4403.0,2129.0,1916.0,4855.0,2746.0,9680.0,3023.0,6265.0,4433.0,170.0,4729.0,8457.0,944.0,1279.0,2981.0,3753.470588235294,2538.785859363858
239.0,4005.0,4701.0,5364.0,3312.0,3025.0,5445.0,4005.0,9482.0,2940.0,169.0,2153.0,2316.0,2217.0,5410.0,1444.0,4035.0,2031.0,3650.235294117647,2113.3874032407
240.0,2493.0,2357.0,3689.0,860.0,1156.0,319.0,2493.0,430.0,1700.0,553.0,419.0,3158.0,548.0,2212.0,1007.0,2925.0,0.0,1548.1764705882354,1154.2764094495585
241.0,1895.0,584.0,838.0,1101.0,1079.0,7403.0,1895.0,1090.0,929.0,0.0,,1044.0,638.0,1254.0,290.0,2451.0,0.0,1405.6875,1732.1089541846573
242.0,1155.0,3455.0,304.0,0.0,235.0,4271.0,1155.0,14.0,0.0,5842.0,,223.0,0.0,0.0,72.0,752.0,357.0,1114.6875,1788.68166419666
243.0,1731.0,126.0,415.0,0.0,461.0,4248.0,1731.0,439.0,1166.0,216.0,,0.0,625.0,0.0,298.0,773.0,,815.2666666666667,1106.6307596010686
244.0,220.0,836.0,0.0,1704.0,1080.0,248.0,220.0,0.0,1648.0,3.0,,0.0,1614.0,2.0,862.0,2368.0,,720.3333333333334,793.5181757452661
245.0,468.0,509.0,57.0,0.0,0.0,0.0,468.0,0.0,442.0,431.0,,,0.0,1013.0,0.0,0.0,,242.0,314.7374974604906
246.0,0.0,170.0,1029.0,544.0,6.0,329.0,0.0,10.0,219.0,644.0,,,29.0,1741.0,381.0,67.0,,369.2142857142857,498.29357713198453
247.0,0.0,0.0,67.0,3068.0,0.0,0.0,0.0,856.0,0.0,0.0,,,0.0,225.0,644.0,0.0,,347.14285714285717,828.7198521856427
248.0,,,,,455.0,3383.0,,,,,,,,,,2385.0,,2074.3333333333335,1488.516487424084
249.0,,0.0,,,2.0,2472.0,,,,,,,,,,2828.0,,1325.5,1536.2910965482204
250.0,,,,,0.0,6497.0,,,,,0.0,,,,,1064.0,,1890.25,3111.855006797928
251.0,,,,,1193.0,2345.0,,,,,1231.0,,,,,1171.0,,1485.0,573.8687422515129
252.0,,0.0,,,149.0,0.0,,,,,,,,,,0.0,,37.25,74.5
253.0,,,,,1183.0,6.0,,,,,4.0,,,,,0.0,,298.25,589.8386078694182
254.0,,,,,21.0,11172.0,,,,,,,,,,3017.0,,4736.666666666667,5770.973950152031
255.0,235.0,,0.0,920.0,14.0,254.0,235.0,0.0,6.0,2257.0,,37.0,681.0,5542.0,679.0,0.0,,775.7142857142857,1502.0838053323653
256.0,,,,,2780.0,3026.0,,,,,,0.0,,352.0,,0.0,,1231.6,1534.990814304763
257.0,0.0,0.0,233.0,2435.0,833.0,4713.0,0.0,3625.0,0.0,0.0,,1264.0,0.0,5170.0,1.0,1484.0,,1317.2,1823.1450925725655
258.0,,0.0,592.0,534.0,0.0,0.0,,0.0,453.0,2.0,,219.0,0.0,2.0,,504.0,,192.16666666666666,252.20440243195716
259.0,0.0,0.0,1886.0,124.0,235.0,0.0,0.0,12.0,0.0,0.0,,937.0,0.0,1714.0,1270.0,2463.0,,576.0666666666667,851.258854929121
260.0,931.0,0.0,224.0,146.0,3932.0,4398.0,931.0,426.0,468.0,2807.0,,729.0,1663.0,621.0,1426.0,3390.0,,1472.8,1453.0490209015168
261.0,235.0,670.0,175.0,0.0,33.0,2759.0,235.0,830.0,0.0,5720.0,,433.0,0.0,1109.0,224.0,730.0,,876.8666666666667,1513.6866946378996
262.0,,,,,,,,,,,,,,,,,,,
263.0,0.0,3165.0,2508.0,313.0,0.0,0.0,0.0,1347.0,64.0,220.0,,348.0,263.0,0.0,0.0,206.0,,562.2666666666667,991.4893174748113
264.0,0.0,880.0,0.0,223.0,1526.0,170.0,0.0,0.0,227.0,437.0,,514.0,389.0,0.0,0.0,448.0,,320.93333333333334,422.1924860038312
265.0,235.0,0.0,1.0,223.0,17.0,72.0,235.0,0.0,452.0,0.0,,227.0,0.0,0.0,224.0,234.0,216.0,133.5,138.54433706699575
266.0,468.0,429.0,0.0,763.0,516.0,529.0,468.0,206.0,891.0,0.0,89.0,5.0,455.0,0.0,0.0,0.0,0.0,283.47058823529414,299.5411319099304
267.0,0.0,0.0,0.0,0.0,0.0,102.0,0.0,0.0,0.0,6466.0,507.0,0.0,0.0,2410.0,0.0,3.0,3093.0,740.0588235294117,1734.5872517182668
268.0,235.0,227.0,217.0,665.0,0.0,408.0,235.0,0.0,,0.0,0.0,3.0,0.0,0.0,68.0,,0.0,137.2,196.4019930070539
269.0,699.0,0.0,135.0,0.0,0.0,0.0,699.0,0.0,425.0,0.0,0.0,0.0,6.0,479.0,0.0,238.0,0.0,157.7058823529412,254.87294989511008
270.0,1290.0,962.0,8265.0,1071.0,2322.0,200.0,1290.0,5112.0,2328.0,1427.0,213.0,223.0,1361.0,1112.0,224.0,2338.0,6991.0,2160.529411764706,2384.2114817494444
271.0,468.0,95.0,0.0,1821.0,2271.0,1115.0,468.0,0.0,0.0,0.0,0.0,0.0,498.0,0.0,0.0,1790.0,1133.0,568.1764705882352,766.9565042502506
272.0,0.0,0.0,0.0,0.0,708.0,0.0,0.0,224.0,0.0,9.0,0.0,0.0,0.0,239.0,0.0,0.0,0.0,69.41176470588235,181.44147087405676
273.0,1159.0,627.0,5114.0,912.0,2451.0,649.0,1159.0,0.0,753.0,1043.0,0.0,697.0,342.0,923.0,0.0,1687.0,3573.0,1240.5294117647059,1347.529365062551
274.0,3413.0,932.0,4050.0,1039.0,867.0,2184.0,3413.0,5261.0,14.0,3796.0,1040.0,916.0,489.0,1495.0,668.0,2568.0,1871.0,2000.9411764705883,1502.6962629964612
275.0,0.0,664.0,0.0,0.0,0.0,488.0,0.0,1623.0,0.0,0.0,1190.0,2957.0,4186.0,0.0,223.0,0.0,0.0,666.5294117647059,1211.7394066819327
276.0,0.0,221.0,218.0,0.0,0.0,0.0,0.0,0.0,0.0,0.0,0.0,1165.0,1.0,0.0,0.0,566.0,0.0,127.70588235294117,305.848975130268
277.0,84.0,30.0,2268.0,1994.0,1704.0,266.0,84.0,5835.0,739.0,3151.0,0.0,118.0,2683.0,1452.0,0.0,1727.0,954.0,1358.1764705882354,1550.92344408477
278.0,,,,,1353.0,,,,,,0.0,,0.0,,,1161.0,,628.5,729.949998287554
279.0,1795.0,398.0,2218.0,984.0,1951.0,1403.0,1795.0,5740.0,2644.0,1596.0,840.0,3.0,1488.0,0.0,884.0,0.0,2291.0,1531.1764705882354,1365.740698087219
280.0,879.0,488.0,0.0,888.0,1551.0,366.0,879.0,1171.0,505.0,1704.0,838.0,3000.0,3857.0,917.0,0.0,473.0,1359.0,1110.2941176470588,1005.4476468659298
281.0,4514.0,2216.0,290.0,2767.0,1085.0,4222.0,4514.0,2102.0,229.0,6090.0,3789.0,2126.0,4451.0,1298.0,1221.0,1928.0,1922.0,2633.176470588235,1683.895974937812
282.0,0.0,0.0,741.0,966.0,0.0,0.0,0.0,0.0,460.0,2947.0,287.0,0.0,1879.0,0.0,1720.0,377.0,441.0,577.5294117647059,852.0740224334282
283.0,0.0,1312.0,4087.0,382.0,1798.0,29.0,0.0,291.0,2089.0,5770.0,0.0,653.0,543.0,0.0,1125.0,295.0,0.0,1080.8235294117646,1615.565699503355
284.0,703.0,3377.0,1883.0,1099.0,1.0,0.0,703.0,210.0,672.0,0.0,0.0,164.0,0.0,527.0,1424.0,694.0,130.0,681.5882352941177,886.5345494412165
285.0,1227.0,3377.0,796.0,202.0,663.0,0.0,1227.0,1.0,1690.0,180.0,223.0,1442.0,276.0,1949.0,1263.0,1324.0,43.0,934.2941176470588,899.0323801667186
286.0,1155.0,96.0,598.0,0.0,0.0,52.0,1155.0,4.0,227.0,4961.0,2793.0,0.0,21.0,0.0,3.0,0.0,0.0,650.8823529411765,1329.9418635016034
287.0,1982.0,3818.0,0.0,703.0,1.0,4014.0,1982.0,3248.0,1520.0,1297.0,2092.0,1953.0,2135.0,1386.0,396.0,0.0,1537.0,1650.8235294117646,1235.9879264830076
288.0,695.0,460.0,395.0,223.0,1.0,4116.0,695.0,435.0,650.0,1.0,8.0,1489.0,272.0,183.0,224.0,933.0,0.0,634.1176470588235,979.3531591280633
289.0,0.0,0.0,0.0,0.0,0.0,242.0,0.0,0.0,0.0,0.0,1045.0,39.0,103.0,0.0,0.0,702.0,20.0,126.52941176470588,294.0831340044552
290.0,464.0,26.0,183.0,0.0,6.0,1170.0,464.0,0.0,0.0,0.0,7.0,1058.0,105.0,0.0,0.0,0.0,9.0,205.41176470588235,374.7427549038689
291.0,2162.0,0.0,19.0,0.0,2706.0,2749.0,2162.0,870.0,869.0,37.0,109.0,1423.0,463.0,0.0,447.0,356.0,,898.25,1013.5676593104182
292.0,0.0,223.0,0.0,0.0,3745.0,1841.0,0.0,0.0,0.0,647.0,1660.0,0.0,912.0,4542.0,0.0,833.0,19.0,848.3529411764706,1382.0061478325842
293.0,235.0,20.0,29.0,401.0,928.0,280.0,235.0,221.0,0.0,0.0,110.0,663.0,460.0,1346.0,1583.0,1108.0,0.0,448.1764705882353,503.41325410815784
294.0,232.0,10.0,206.0,0.0,0.0,0.0,232.0,0.0,0.0,3.0,217.0,0.0,0.0,137.0,6.0,234.0,414.0,99.47058823529412,130.8706984236057
295.0,894.0,1.0,21.0,726.0,2214.0,4892.0,894.0,1829.0,974.0,0.0,304.0,34.0,811.0,692.0,2431.0,469.0,1654.0,1108.235294117647,1236.674195645915
296.0,0.0,1670.0,71.0,2470.0,951.0,1882.0,0.0,1751.0,1490.0,435.0,443.0,277.0,0.0,4368.0,4784.0,2282.0,216.0,1358.235294117647,1477.922466226314
297.0,0.0,228.0,13.0,3.0,235.0,1855.0,0.0,0.0,0.0,7.0,234.0,444.0,231.0,392.0,218.0,4.0,,241.5,456.1989332151783
298.0,225.0,46.0,217.0,0.0,586.0,3411.0,225.0,446.0,240.0,436.0,92.0,0.0,231.0,464.0,224.0,239.0,815.0,464.52941176470586,788.8139132304161
299.0,568.0,1554.0,530.0,1670.0,3108.0,1429.0,568.0,1550.0,1527.0,0.0,795.0,356.0,1095.0,1785.0,0.0,1248.0,716.0,1088.1764705882354,776.606901470599
300.0,0.0,0.0,0.0,0.0,193.0,0.0,0.0,0.0,169.0,0.0,0.0,682.0,0.0,735.0,0.0,0.0,0.0,104.6470588235294,235.18501790517786
301.0,0.0,196.0,1.0,36.0,0.0,1655.0,0.0,2.0,1.0,219.0,115.0,223.0,0.0,132.0,0.0,0.0,0.0,151.76470588235293,396.51048684299707
302.0,10.0,57.0,82.0,7.0,0.0,2017.0,10.0,0.0,49.0,0.0,1257.0,445.0,0.0,31.0,60.0,0.0,211.0,249.1764705882353,550.7129737093222
,,,,,,,,,,,0.0,0.0,,,,,0.0,0.0,0.0
303.0,0.0,862.0,218.0,157.0,466.0,0.0,0.0,0.0,0.0,101.0,873.0,0.0,231.0,0.0,1154.0,2.0,5.0,239.35294117647058,372.14596282515123
304.0,359.0,0.0,1807.0,87.0,235.0,680.0,359.0,373.0,646.0,897.0,358.0,655.0,0.0,22.0,2014.0,461.0,416.0,551.1176470588235,572.5646123313226
305.0,468.0,613.0,0.0,311.0,0.0,464.0,468.0,151.0,227.0,309.0,425.0,0.0,0.0,0.0,0.0,1.0,202.0,214.05882352941177,214.7840399646338
306.0,0.0,206.0,1174.0,201.0,459.0,1124.0,0.0,138.0,0.0,0.0,904.0,1108.0,460.0,246.0,961.0,237.0,106.0,430.8235294117647,440.65182333874975
307.0,0.0,,0.0,0.0,682.0,,0.0,80.0,0.0,0.0,1082.0,,2148.0,227.0,0.0,0.0,624.0,345.92857142857144,621.5195354669336
308.0,924.0,816.0,281.0,3.0,320.0,51.0,924.0,0.0,0.0,27.0,0.0,21.0,2.0,515.0,0.0,0.0,28.0,230.11764705882354,346.80161518383625
309.0,0.0,0.0,0.0,0.0,0.0,16.0,0.0,0.0,0.0,776.0,0.0,0.0,311.0,0.0,0.0,0.0,172.0,75.0,198.92083852628411
310.0,1814.0,596.0,2150.0,551.0,2446.0,477.0,1814.0,457.0,1097.0,1080.0,1839.0,640.0,0.0,90.0,224.0,0.0,441.0,924.4705882352941,797.1398181660996
311.0,4229.0,768.0,2940.0,942.0,2649.0,519.0,4229.0,6030.0,8345.0,7712.0,2815.0,774.0,911.0,9668.0,0.0,1651.0,1696.0,3286.9411764705883,2993.838098298492
312.0,0.0,0.0,2041.0,17.0,0.0,0.0,0.0,14.0,193.0,19.0,1131.0,5764.0,0.0,83.0,0.0,0.0,1452.0,630.2352941176471,1459.2267870952996
313.0,2169.0,0.0,5351.0,3772.0,875.0,164.0,2169.0,8079.0,6510.0,10859.0,4459.0,2.0,5366.0,8079.0,1213.0,0.0,5649.0,3806.823529411765,3350.355489259575
314.0,5484.0,5513.0,6138.0,3004.0,4638.0,6162.0,5484.0,7914.0,2537.0,106.0,4158.0,7488.0,2267.0,6921.0,1828.0,3504.0,1823.0,4409.941176470588,2243.514499356652
315.0,5163.0,4188.0,2769.0,3376.0,2328.0,9274.0,5163.0,10929.0,3242.0,7136.0,1150.0,3643.0,4422.0,6468.0,2448.0,6600.0,2779.0,4769.294117647059,2607.606104377775
316.0,1805.0,821.0,0.0,0.0,0.0,5750.0,1805.0,0.0,0.0,85.0,864.0,524.0,0.0,0.0,0.0,8.0,479.0,714.1764705882352,1432.645639860662
317.0,3912.0,381.0,242.0,2231.0,898.0,2371.0,3912.0,55.0,342.0,33.0,3445.0,710.0,440.0,407.0,1015.0,101.0,4354.0,1461.7058823529412,1556.1347051551274
318.0,,,,,,,,,,,,,,,,,,,
319.0,1636.0,171.0,665.0,403.0,27.0,2246.0,1636.0,434.0,209.0,5259.0,422.0,1037.0,0.0,980.0,2975.0,2634.0,,1295.875,1415.5091369068116
320.0,0.0,333.0,0.0,0.0,1.0,605.0,0.0,530.0,0.0,0.0,103.0,193.0,0.0,,538.0,292.0,0.0,162.1875,225.0191751088486
321.0,,,,,,,,,,,6.0,,,1319.0,494.0,,2505.0,1081.0,1093.1017031060437
322.0,5044.0,1946.0,3556.0,540.0,230.0,,5044.0,696.0,1653.0,0.0,,0.0,387.0,136.0,1044.0,1641.0,1518.0,1562.3333333333333,1701.2468816667833
323.0,3737.0,499.0,435.0,602.0,3.0,0.0,3737.0,1050.0,2785.0,800.0,424.0,445.0,427.0,1987.0,1911.0,987.0,2813.0,1331.8823529411766,1253.0108679872324
324.0,3345.0,0.0,0.0,0.0,6.0,4052.0,3345.0,482.0,786.0,219.0,213.0,0.0,24.0,0.0,651.0,238.0,47.0,788.7058823529412,1361.260939566046
325.0,,,,,,,,,,0.0,0.0,0.0,,0.0,,,,0.0,0.0
326.0,1650.0,1330.0,2235.0,0.0,0.0,0.0,1650.0,0.0,777.0,0.0,840.0,0.0,300.0,2360.0,23.0,0.0,7.0,657.1764705882352,860.1110564408324
327.0,425.0,0.0,0.0,0.0,236.0,0.0,425.0,2.0,0.0,12.0,0.0,323.0,237.0,239.0,0.0,0.0,174.0,121.94117647058823,160.50797121491948
328.0,,,,,,,,,,,624.0,351.0,,0.0,,,595.0,392.5,288.89271364989463
,,,,,,,,,,,0.0,,,,,,28.0,14.0,19.79898987322333
,,,,,,,,,,,2001.0,,,,,,881.0,1441.0,791.9595949289333
329.0,,,,,,,,,,,,,,,,334.0,0.0,167.0,236.17366491630688
330.0,0.0,0.0,0.0,0.0,690.0,0.0,0.0,0.0,0.0,22.0,0.0,0.0,0.0,1057.0,1132.0,341.0,,202.625,394.5147018806777
,0.0,530.0,,,1140.0,242.0,,,,,0.0,485.0,,,,,,399.5,428.1792848795934
331.0,273.0,3637.0,1050.0,867.0,468.0,1233.0,0.0,455.0,3784.0,42.0,69.0,147.0,896.0,854.0,142.0,2.0,2960.0,992.8823529411765,1250.1163387037693
332.0,34.0,1209.0,0.0,1367.0,0.0,0.0,273.0,0.0,0.0,30.0,0.0,75.0,207.0,1162.0,5.0,0.0,0.0,256.5882352941176,480.00391389335687
333.0,313.0,1047.0,639.0,3098.0,595.0,0.0,34.0,4835.0,1998.0,47.0,1446.0,709.0,303.0,0.0,2515.0,2945.0,973.0,1264.5294117647059,1377.8043727996665
334.0,1491.0,1470.0,836.0,0.0,195.0,0.0,313.0,0.0,0.0,44.0,368.0,1143.0,425.0,713.0,323.0,384.0,2710.0,612.6470588235294,731.7291115208269
335.0,196.0,652.0,209.0,223.0,0.0,134.0,1491.0,0.0,0.0,0.0,305.0,245.0,11.0,1044.0,0.0,330.0,2599.0,437.5882352941176,691.4457732555325
336.0,2184.0,4464.0,439.0,5793.0,4098.0,0.0,196.0,6926.0,2732.0,0.0,755.0,485.0,36.0,393.0,662.0,2575.0,987.0,1925.0,2189.783807822133
337.0,0.0,0.0,225.0,1000.0,495.0,393.0,2184.0,3100.0,275.0,36.0,163.0,0.0,894.0,0.0,5054.0,122.0,1769.0,924.1176470588235,1389.73814450569
338.0,395.0,0.0,0.0,0.0,0.0,,0.0,0.0,0.0,23.0,8.0,0.0,225.0,,0.0,0.0,216.0,57.8,120.64895950057516
339.0,1145.0,3542.0,256.0,3619.0,291.0,999.0,395.0,2424.0,1319.0,0.0,190.0,0.0,0.0,459.0,3459.0,654.0,642.0,1140.8235294117646,1294.2164731650437
340.0,7290.0,441.0,25.0,227.0,1409.0,0.0,1145.0,0.0,0.0,0.0,213.0,1119.0,203.0,0.0,3723.0,8.0,1118.0,995.3529411764706,1875.7353538404766
341.0,,0.0,8.0,4.0,2052.0,869.0,7290.0,2527.0,1715.0,30.0,239.0,1366.0,1036.0,5.0,5661.0,0.0,1526.0,1520.5,2126.3297016220226
342.0,0.0,,,,,,,,,,,223.0,,,,,,111.5,157.6848122046001
343.0,4944.0,224.0,67.0,4.0,1671.0,1100.0,0.0,224.0,201.0,219.0,29.0,0.0,460.0,0.0,663.0,1443.0,0.0,661.7058823529412,1222.9402461233483
344.0,0.0,6.0,277.0,249.0,401.0,0.0,4944.0,0.0,684.0,436.0,0.0,0.0,4.0,239.0,448.0,360.0,0.0,473.4117647058824,1172.019574219194
345.0,0.0,228.0,0.0,0.0,152.0,0.0,0.0,0.0,35.0,0.0,213.0,0.0,0.0,0.0,0.0,238.0,0.0,50.94117647058823,91.58702868599575
346.0,350.0,0.0,37.0,0.0,10.0,0.0,0.0,1722.0,4.0,0.0,534.0,0.0,1036.0,0.0,224.0,0.0,0.0,230.41176470588235,474.0367943028697
347.0,2.0,0.0,0.0,0.0,0.0,0.0,350.0,0.0,476.0,0.0,950.0,2631.0,0.0,219.0,2721.0,2.0,1.0,432.47058823529414,881.9730804882213
348.0,468.0,2453.0,616.0,536.0,260.0,602.0,2.0,0.0,1506.0,434.0,2095.0,1267.0,2.0,2450.0,2733.0,1649.0,342.0,1024.4117647058824,943.7798378610031
349.0,,0.0,2056.0,474.0,0.0,0.0,468.0,443.0,0.0,495.0,0.0,0.0,456.0,19.0,0.0,0.0,0.0,275.6875,523.0901412121369
350.0,235.0,,,,,1171.0,,,,,,0.0,,,2397.0,,,950.75,1088.7872075540442
351.0,0.0,1058.0,202.0,57.0,712.0,508.0,235.0,398.0,812.0,544.0,381.0,244.0,0.0,594.0,446.0,282.0,51.0,383.7647058823529,299.18922302862217
352.0,1605.0,0.0,320.0,142.0,346.0,0.0,0.0,598.0,597.0,584.0,49.0,26.0,0.0,167.0,224.0,121.0,2.0,281.2352941176471,405.0135074000256
353.0,5165.0,1007.0,504.0,203.0,155.0,1377.0,1605.0,275.0,929.0,150.0,1839.0,1124.0,156.0,1008.0,2713.0,950.0,216.0,1139.764705882353,1258.8433445732915
354.0,1152.0,9.0,5258.0,3950.0,2476.0,231.0,5165.0,3753.0,7487.0,6640.0,2870.0,911.0,1739.0,8705.0,350.0,1532.0,4.0,3072.470588235294,2755.941447982138
355.0,274.0,20.0,54.0,510.0,1557.0,0.0,1152.0,240.0,135.0,110.0,0.0,129.0,2461.0,250.0,0.0,2637.0,172.0,570.6470588235294,857.3555957985338
356.0,427.0,0.0,286.0,3023.0,1450.0,189.0,274.0,3191.0,105.0,654.0,2469.0,403.0,7651.0,12975.0,2248.0,1588.0,126.0,2179.9411764705883,3374.4319238685985
357.0,3474.0,3303.0,3699.0,5143.0,6466.0,782.0,427.0,2193.0,447.0,392.0,7619.0,8036.0,3350.0,8939.0,1828.0,7.0,5989.0,3652.5882352941176,2926.579532039569
358.0,0.0,2486.0,268.0,4581.0,3456.0,5405.0,3474.0,10382.0,4077.0,219.0,0.0,3481.0,1904.0,2170.0,3630.0,2886.0,3985.0,3082.5882352941176,2515.174895977006
359.0,0.0,0.0,0.0,0.0,8.0,0.0,0.0,0.0,0.0,0.0,0.0,0.0,0.0,0.0,0.0,0.0,4857.0,286.1764705882353,1177.8758548386008
360.0,3215.0,0.0,184.0,0.0,6.0,359.0,0.0,0.0,0.0,0.0,213.0,66.0,231.0,0.0,0.0,0.0,4144.0,495.1764705882353,1214.6610759433122
361.0,,4957.0,2798.0,1723.0,5334.0,5335.0,3215.0,600.0,1709.0,2890.0,4822.0,1819.0,2522.0,598.0,3040.0,2824.0,855.0,2815.0625,1605.928037771307
362.0,0.0,,,,,,,,,,666.0,,,,,,215.0,293.6666666666667,339.8975335793617
363.0,469.0,2902.0,118.0,647.0,1310.0,3.0,0.0,1178.0,0.0,0.0,40.0,1116.0,231.0,5284.0,309.0,237.0,0.0,814.3529411764706,1375.606954274025
364.0,877.0,2885.0,0.0,427.0,0.0,18.0,469.0,517.0,822.0,1106.0,,0.0,209.0,1780.0,496.0,706.0,96.0,650.5,768.3975533537312
365.0,0.0,0.0,98.0,399.0,916.0,5614.0,877.0,354.0,0.0,983.0,3531.0,4233.0,0.0,222.0,309.0,2510.0,,1252.875,1753.1224286968666
366.0,68.0,3557.0,67.0,15.0,350.0,7780.0,0.0,0.0,0.0,0.0,1257.0,316.0,678.0,0.0,0.0,816.0,22.0,878.0,1984.5243132801372
367.0,,0.0,57.0,531.0,332.0,2874.0,68.0,75.0,227.0,1226.0,0.0,0.0,0.0,1720.0,0.0,324.0,0.0,464.625,809.5067531116299
368.0,649.0,,,,,242.0,,,,209.0,4.0,0.0,,0.0,,,0.0,157.71428571428572,241.2969914757291
369.0,235.0,1120.0,917.0,428.0,983.0,824.0,649.0,518.0,226.0,892.0,2317.0,1559.0,844.0,1070.0,452.0,1904.0,1346.0,957.8823529411765,570.8827465374284
370.0,170.0,0.0,414.0,,235.0,152.0,235.0,217.0,,,278.0,0.0,1384.0,855.0,295.0,0.0,46.0,305.7857142857143,380.7660655879102
371.0,66.0,4512.0,781.0,,995.0,996.0,170.0,493.0,,,313.0,136.0,795.0,0.0,0.0,1085.0,0.0,738.7142857142857,1160.6491173590637
372.0,0.0,343.0,488.0,207.0,144.0,89.0,66.0,0.0,0.0,,2982.0,972.0,0.0,410.0,0.0,238.0,626.0,410.3125,738.9939755054389
373.0,395.0,,0.0,,1320.0,0.0,0.0,0.0,,,55.0,0.0,,,0.0,2546.0,2354.0,606.3636363636364,994.0038503675196
374.0,2.0,,,,536.0,0.0,395.0,,,,69.0,223.0,,503.0,,0.0,1118.0,316.22222222222223,370.9412951458013
375.0,0.0,,954.0,,3.0,5.0,2.0,950.0,,,,0.0,,24.0,0.0,0.0,1234.0,288.3636363636364,492.06671757542654
376.0,2985.0,,0.0,,,231.0,0.0,1494.0,,,,0.0,,184.0,225.0,142.0,555.0,581.6,956.0164108307857
377.0,0.0,,218.0,,,,2985.0,,,,,471.0,,5.0,658.0,0.0,,619.5714285714286,1074.3600974755248
378.0,0.0,,817.0,,,,0.0,,,1132.0,,,,777.0,661.0,702.0,0.0,511.125,445.9943745641386
379.0,2169.0,,,,0.0,1168.0,0.0,,,1142.0,,0.0,,53.0,,238.0,0.0,530.0,782.9672726238307
,,,,,365.0,3215.0,2169.0,,,322.0,,409.0,,76.0,,,216.0,967.4285714285714,1221.0638608938323
,,,,,1102.0,0.0,235.0,,,67.0,,809.0,,918.0,,,,521.8333333333334,476.96180839420117
,,,,,,,235.0,,,0.0,,,,231.0,,,,155.33333333333334,134.53747928861063
,,,,,,,0.0,,,501.0,,,,0.0,,,,167.0,289.2524848640025
,,,,,,,0.0,,,0.0,,,,0.0,,,,0.0,0.0
,,,,,,,1401.0,,,0.0,,,,434.0,,,,611.6666666666666,717.1989496181191
,,,,,,,235.0,,,0.0,,,,26.0,,,430.0,172.75,201.1887587979673
380.0,,,,,,,7.0,,,,,,,168.0,,0.0,85.0,65.0,78.73584528874592
381.0,,,,,,,0.0,,,0.0,,,0.0,3339.0,,279.0,432.0,675.0,1317.5459005287064
382.0,,,,,,,489.0,,,,,,,70.0,,0.0,198.0,189.25,215.99594903608724
383.0,,,,,,,73.0,,,,,,904.0,153.0,442.0,0.0,874.0,407.6666666666667,402.0053067643096
384.0,,,,,,,215.0,,,,,,0.0,0.0,0.0,0.0,0.0,35.833333333333336,87.77338244973056
385.0,,,,,,,40.0,,,,,,0.0,0.0,0.0,496.0,0.0,89.33333333333333,199.86662219256786
386.0,235.0,,,,0.0,716.0,0.0,1077.0,,,,0.0,0.0,0.0,189.0,0.0,393.0,237.27272727272728,360.374552627982
387.0,235.0,0.0,,0.0,0.0,0.0,522.0,256.0,0.0,,2.0,223.0,,,,0.0,0.0,103.16666666666667,169.2920195366216
,0.0,117.0,,0.0,0.0,246.0,0.0,0.0,58.0,0.0,0.0,57.0,387.0,,,,1212.0,159.76923076923077,337.6006402655248
,,0.0,,9.0,,0.0,,,0.0,0.0,,,,,,,,1.8,4.024922359499622
,,399.0,,,,240.0,,,,0.0,,,,,,,,213.0,200.8656267259284
,,22.0,,,,481.0,,,0.0,0.0,,,,,,,,125.75,237.06029472126565
,,128.0,,,,241.0,,,0.0,154.0,,,,,,,,130.75,99.6640189168923
,,1121.0,,,,0.0,,,,130.0,,,,,,,,417.0,613.1370156824655
,,453.0,,,,243.0,,,228.0,164.0,,,,,,,,272.0,125.43524225671189
,,540.0,,,,0.0,,,448.0,,,,,,,,,329.3333333333333,288.8967520297404
,,19.0,,,,0.0,,,,,,,,,,,,9.5,13.435028842544403
,,468.0,,,,476.0,,,0.0,877.0,,,,,,,,455.25,358.57065784398293
388.0,0.0,104.0,0.0,,235.0,242.0,755.0,364.0,2.0,0.0,,0.0,,,,199.0,,172.8181818181818,231.99216287703265
,,,,,,,,,,,,,,,,,,,
389.0,1401.0,0.0,,213.0,6.0,0.0,320.0,0.0,228.0,997.0,376.0,,0.0,140.0,0.0,1272.0,,353.7857142857143,494.83939563511666
390.0,235.0,0.0,0.0,170.0,63.0,0.0,1760.0,244.0,0.0,1160.0,,,6.0,239.0,2191.0,2656.0,534.0,617.2,889.3786916397632
391.0,7.0,,607.0,,0.0,0.0,4003.0,34.0,,,,,682.0,778.0,50.0,275.0,0.0,585.0909090909091,1173.7355285195601
,,0.0,,0.0,3211.0,0.0,,,67.0,0.0,,,,,,,,546.3333333333334,1305.689804917947
,,0.0,,607.0,454.0,0.0,,,908.0,0.0,,,,,,,,328.1666666666667,388.0383572105555
,,2238.0,,0.0,15.0,8053.0,,,134.0,60.0,,1739.0,,,,,,1748.4285714285713,2929.912902979817
,,0.0,,113.0,4368.0,369.0,,,0.0,0.0,935.0,914.0,,,,,,837.375,1479.787623517066
,,259.0,,1095.0,4.0,158.0,,,1107.0,738.0,0.0,0.0,,,,,,420.125,485.3774488551594
392.0,0.0,384.0,0.0,1302.0,109.0,0.0,4094.0,215.0,225.0,6425.0,417.0,0.0,623.0,54.0,1116.0,2205.0,2938.0,1182.764705882353,1794.3533141988705
393.0,489.0,3016.0,254.0,1015.0,563.0,448.0,10539.0,878.0,2086.0,1091.0,1737.0,1495.0,2520.0,239.0,4454.0,2791.0,3786.0,2200.0588235294117,2495.8438069766157
394.0,73.0,71.0,467.0,49.0,0.0,0.0,4109.0,1069.0,0.0,0.0,0.0,0.0,0.0,11.0,231.0,0.0,792.0,404.2352941176471,1004.9982294394706
395.0,215.0,0.0,0.0,2225.0,0.0,2.0,6341.0,0.0,1628.0,0.0,0.0,222.0,2846.0,0.0,4994.0,0.0,640.0,1124.2941176470588,1934.3203187652855
396.0,40.0,22.0,0.0,814.0,2143.0,2455.0,0.0,2885.0,1055.0,,0.0,1627.0,1408.0,,1722.0,219.0,1612.0,1066.8,996.0942439634629
397.0,0.0,0.0,0.0,0.0,0.0,0.0,0.0,0.0,0.0,0.0,0.0,0.0,0.0,0.0,0.0,0.0,0.0,0.0,0.0
398.0,522.0,222.0,1.0,54.0,1554.0,259.0,52.0,1164.0,210.0,1161.0,218.0,0.0,1005.0,1029.0,1040.0,897.0,0.0,552.2352941176471,522.8836545317424
399.0,0.0,3519.0,178.0,101.0,2298.0,34.0,1440.0,374.0,176.0,117.0,2381.0,1272.0,1210.0,87.0,4052.0,880.0,531.0,1097.0588235294117,1268.34239613108
400.0,755.0,0.0,1995.0,2217.0,2751.0,509.0,267.0,3857.0,8166.0,6508.0,2870.0,672.0,884.0,2753.0,1293.0,1699.0,103.0,2194.0588235294117,2250.824667499344
401.0,320.0,7758.0,394.0,1000.0,3829.0,0.0,4861.0,462.0,115.0,411.0,2142.0,1488.0,2059.0,236.0,58.0,6799.0,2914.0,2049.764705882353,2430.5721684773057
402.0,1760.0,0.0,0.0,0.0,,,0.0,0.0,0.0,0.0,2450.0,,0.0,1610.0,0.0,,77.0,453.61538461538464,867.1389295129835
403.0,4003.0,4667.0,2997.0,3100.0,3215.0,8273.0,6529.0,2681.0,818.0,1014.0,7324.0,11387.0,1405.0,3140.0,602.0,0.0,9670.0,4166.176470588235,3359.9554356288368
404.0,4094.0,0.0,90.0,1162.0,0.0,15.0,0.0,0.0,202.0,494.0,0.0,0.0,2.0,12.0,0.0,0.0,0.0,357.11764705882354,1007.3582953915242
405.0,10539.0,2788.0,1049.0,2038.0,654.0,6137.0,704.0,1468.0,84.0,7033.0,707.0,5770.0,231.0,2676.0,1442.0,2670.0,3233.0,2895.470588235294,2877.1999217478588
406.0,4109.0,6579.0,0.0,0.0,3397.0,242.0,0.0,0.0,6496.0,0.0,4446.0,4892.0,27.0,741.0,1142.0,5452.0,0.0,2207.235294117647,2578.97846853681
407.0,6341.0,5.0,17.0,0.0,465.0,1780.0,3693.0,2237.0,1312.0,468.0,536.0,0.0,29.0,0.0,250.0,2340.0,11.0,1146.1176470588234,1726.1121010218649
408.0,0.0,,,,577.0,,,,,,0.0,,,,,224.0,165.0,193.2,236.4840375162772
409.0,0.0,2478.0,980.0,2644.0,150.0,3716.0,1221.0,471.0,1446.0,436.0,210.0,3694.0,1018.0,2220.0,1382.0,0.0,161.0,1307.4705882352941,1236.062959442553
410.0,52.0,37.0,56.0,111.0,382.0,4617.0,521.0,259.0,818.0,2305.0,301.0,407.0,176.0,234.0,1000.0,1435.0,592.0,782.5294117647059,1149.5786248473319
411.0,1440.0,325.0,0.0,57.0,32.0,0.0,8.0,220.0,0.0,707.0,167.0,64.0,310.0,0.0,0.0,395.0,2878.0,388.4117647058824,738.838705234736
412.0,267.0,359.0,540.0,23.0,1756.0,1317.0,152.0,175.0,1725.0,444.0,0.0,489.0,280.0,477.0,1365.0,1310.0,0.0,628.1764705882352,609.963752539251
413.0,4861.0,551.0,490.0,1742.0,1200.0,134.0,918.0,731.0,732.0,550.0,976.0,1943.0,0.0,348.0,764.0,1387.0,216.0,1031.9411764705883,1123.0721521004468
414.0,0.0,591.0,0.0,1179.0,0.0,0.0,455.0,2694.0,0.0,1339.0,0.0,0.0,424.0,0.0,232.0,492.0,70.0,439.7647058823529,715.4451000436515
415.0,6529.0,882.0,218.0,193.0,15.0,3787.0,0.0,2051.0,558.0,219.0,344.0,360.0,0.0,711.0,10.0,522.0,2.0,964.7647058823529,1724.8368955285223
416.0,0.0,0.0,0.0,0.0,1225.0,4393.0,2474.0,0.0,576.0,0.0,539.0,1302.0,576.0,1246.0,,0.0,2.0,770.8125,1200.4198276019936
417.0,704.0,410.0,1959.0,1086.0,3439.0,0.0,0.0,1884.0,448.0,233.0,790.0,472.0,528.0,532.0,452.0,350.0,91.0,786.9411764705883,884.8743180946826
418.0,0.0,,,,,,,,,,80.0,,,,,,142.0,74.0,71.18988692223074
419.0,3693.0,0.0,0.0,0.0,4362.0,0.0,70.0,0.0,0.0,0.0,632.0,0.0,0.0,0.0,0.0,48.0,415.0,542.3529411764706,1328.6189230351413
420.0,,1338.0,238.0,4620.0,538.0,1210.0,3862.0,265.0,875.0,1755.0,690.0,2224.0,829.0,0.0,973.0,297.0,5851.0,1597.8125,1718.6492843218477
421.0,1221.0,1311.0,2103.0,159.0,1982.0,15.0,544.0,265.0,0.0,0.0,4581.0,1993.0,448.0,464.0,1462.0,646.0,280.0,1027.8823529411766,1172.5430633004987
422.0,521.0,4814.0,448.0,2882.0,2611.0,2147.0,3160.0,1445.0,126.0,63.0,601.0,480.0,4671.0,1471.0,244.0,252.0,4643.0,1798.764705882353,1708.8521560323672
423.0,8.0,5592.0,1976.0,150.0,2991.0,2884.0,301.0,623.0,1206.0,58.0,0.0,465.0,2999.0,7980.0,213.0,922.0,3482.0,1873.5294117647059,2244.9410102953448
424.0,152.0,0.0,1.0,0.0,0.0,0.0,0.0,0.0,0.0,0.0,0.0,0.0,0.0,0.0,0.0,0.0,0.0,9.0,36.851051545376556
425.0,918.0,5295.0,2613.0,2381.0,3352.0,1963.0,2075.0,711.0,435.0,2451.0,574.0,1123.0,4686.0,1154.0,897.0,2615.0,4432.0,2216.176470588235,1503.031321833236
426.0,455.0,0.0,0.0,426.0,0.0,0.0,0.0,0.0,0.0,0.0,0.0,0.0,138.0,0.0,0.0,474.0,0.0,87.82352941176471,176.97112592670226
427.0,0.0,0.0,13.0,211.0,445.0,0.0,235.0,0.0,292.0,27.0,126.0,419.0,0.0,36.0,223.0,243.0,4346.0,389.1764705882353,1030.7269422168827
428.0,2474.0,1019.0,1900.0,433.0,228.0,279.0,12.0,446.0,9.0,36.0,2411.0,857.0,231.0,0.0,842.0,0.0,5.0,657.7647058823529,838.2042956084576
429.0,0.0,436.0,6600.0,2834.0,1333.0,728.0,0.0,778.0,581.0,2803.0,213.0,1031.0,2361.0,507.0,222.0,2556.0,4620.0,1623.7058823529412,1818.9204478448844
430.0,,0.0,689.0,537.0,234.0,0.0,0.0,224.0,538.0,213.0,0.0,0.0,93.0,,0.0,1511.0,614.0,310.2,416.46817748435814
431.0,70.0,245.0,48.0,0.0,147.0,0.0,466.0,0.0,88.0,0.0,633.0,0.0,216.0,338.0,1.0,238.0,,155.625,190.51959654236796
432.0,3862.0,828.0,219.0,217.0,0.0,443.0,1181.0,224.0,227.0,217.0,0.0,490.0,896.0,162.0,652.0,541.0,,634.9375,922.753016341137
433.0,544.0,225.0,,,235.0,242.0,,,,,213.0,448.0,0.0,,,110.0,0.0,224.11111111111111,182.51400250696142
434.0,3160.0,0.0,0.0,,0.0,0.0,0.0,0.0,,,424.0,0.0,0.0,0.0,186.0,0.0,219.0,284.92857142857144,837.1817617446058
435.0,301.0,465.0,,222.0,327.0,,0.0,0.0,0.0,0.0,1085.0,1657.0,,,,0.0,82.0,344.9166666666667,519.1800280395535
436.0,0.0,,0.0,3.0,,,,,0.0,0.0,0.0,0.0,231.0,0.0,0.0,,0.0,21.272727272727273,69.56448937366092
437.0,2075.0,88.0,5.0,0.0,0.0,322.0,0.0,224.0,1579.0,212.0,0.0,11.0,513.0,50.0,175.0,0.0,645.0,347.0,595.3426534358176
438.0,0.0,7.0,1132.0,137.0,422.0,85.0,235.0,0.0,0.0,434.0,0.0,0.0,0.0,591.0,387.0,0.0,0.0,201.76470588235293,309.8516841594871
439.0,235.0,0.0,1196.0,989.0,0.0,103.0,1655.0,2077.0,24.0,0.0,213.0,665.0,199.0,3035.0,288.0,920.0,4505.0,947.2941176470588,1255.872842125442
440.0,12.0,212.0,258.0,0.0,0.0,218.0,0.0,0.0,0.0,1067.0,213.0,8.0,0.0,1170.0,1.0,773.0,381.0,253.7058823529412,384.09435115376965
441.0,0.0,263.0,326.0,0.0,838.0,585.0,6.0,174.0,226.0,4.0,70.0,0.0,200.0,33.0,1026.0,54.0,0.0,223.8235294117647,311.37301490618086
442.0,0.0,2975.0,6494.0,73.0,0.0,146.0,533.0,548.0,1714.0,422.0,16.0,223.0,4139.0,3269.0,286.0,2105.0,1381.0,1430.8235294117646,1841.0913283734096
443.0,466.0,1494.0,1549.0,2989.0,642.0,563.0,408.0,5264.0,4327.0,2553.0,486.0,276.0,1611.0,1941.0,998.0,2335.0,795.0,1688.0588235294117,1434.8769315950162
444.0,1181.0,0.0,1377.0,1435.0,0.0,737.0,243.0,216.0,3.0,202.0,202.0,0.0,9.0,1315.0,1202.0,12.0,101.0,484.4117647058824,574.2348233544715
445.0,,1.0,1900.0,1368.0,0.0,0.0,1326.0,1620.0,335.0,0.0,450.0,1758.0,1661.0,2905.0,2101.0,9.0,0.0,964.625,965.8707901853816
446.0,0.0,1161.0,114.0,2039.0,1321.0,982.0,350.0,4870.0,1655.0,832.0,2933.0,0.0,1125.0,1672.0,2754.0,182.0,296.0,1310.9411764705883,1290.633830264622
447.0,0.0,680.0,321.0,1117.0,371.0,1328.0,0.0,606.0,1001.0,0.0,1558.0,216.0,334.0,1612.0,718.0,159.0,2664.0,746.1764705882352,726.2990289211219
448.0,0.0,224.0,510.0,259.0,214.0,86.0,2363.0,428.0,2017.0,6192.0,593.0,,902.0,0.0,0.0,132.0,,928.0,1622.8628143764074
449.0,235.0,368.0,0.0,233.0,1168.0,560.0,0.0,767.0,150.0,253.0,2239.0,1472.0,157.0,1421.0,1237.0,254.0,1093.0,682.7647058823529,646.4247374416225
450.0,1655.0,0.0,3.0,0.0,432.0,201.0,881.0,1715.0,46.0,5705.0,625.0,0.0,1890.0,2619.0,857.0,767.0,312.0,1041.6470588235295,1436.7730310132697
451.0,0.0,3.0,0.0,0.0,84.0,0.0,234.0,0.0,0.0,0.0,1677.0,1332.0,0.0,22.0,0.0,0.0,0.0,197.1764705882353,499.2445837580661
452.0,6.0,,0.0,0.0,0.0,,87.0,885.0,2970.0,0.0,0.0,148.0,0.0,0.0,1212.0,0.0,0.0,353.8666666666667,811.711319784729
453.0,533.0,574.0,1148.0,0.0,0.0,2713.0,1710.0,124.0,0.0,1931.0,906.0,2585.0,72.0,229.0,465.0,36.0,461.0,793.3529411764706,910.0429894499813
454.0,,36.0,603.0,413.0,,0.0,0.0,444.0,127.0,9.0,1017.0,,223.0,1415.0,769.0,254.0,417.0,409.07142857142856,422.6361345150249
455.0,,0.0,436.0,3.0,,0.0,1077.0,60.0,208.0,201.0,476.0,,0.0,898.0,0.0,0.0,0.0,239.92857142857142,357.8094603138797
456.0,,236.0,0.0,204.0,,66.0,0.0,0.0,17.0,217.0,107.0,,231.0,238.0,0.0,530.0,0.0,131.85714285714286,153.92098729435932
457.0,,0.0,42.0,0.0,,187.0,1369.0,224.0,4.0,626.0,,,796.0,0.0,185.0,356.0,26.0,293.46153846153845,411.16290676255784
,,907.0,0.0,0.0,,188.0,0.0,0.0,226.0,0.0,917.0,,0.0,440.0,0.0,,0.0,206.0,340.5742699226313
,,,894.0,223.0,,2607.0,0.0,668.0,0.0,0.0,,,691.0,0.0,938.0,,,602.1,804.4127533659432
,408.0,,218.0,11.0,135.0,0.0,468.0,0.0,456.0,462.0,,2048.0,0.0,727.0,444.0,,,413.61538461538464,545.3360643464937
,243.0,,0.0,28.0,0.0,,0.0,224.0,233.0,0.0,,,0.0,0.0,0.0,,,66.18181818181819,107.75789361510198
,1326.0,,0.0,214.0,0.0,,0.0,,680.0,0.0,,0.0,231.0,0.0,4.0,,,223.1818181818182,420.94389606735433
,350.0,,648.0,444.0,0.0,0.0,0.0,0.0,11.0,0.0,,21.0,460.0,0.0,65.0,,,153.76923076923077,232.47621880031582
458.0,0.0,,322.0,0.0,718.0,,0.0,0.0,3.0,0.0,110.0,2.0,1126.0,0.0,1083.0,711.0,0.0,271.6666666666667,420.0820781477738
459.0,2363.0,808.0,,,0.0,3521.0,0.0,,227.0,,0.0,203.0,0.0,,159.0,114.0,0.0,616.25,1136.4986201647425
460.0,0.0,0.0,0.0,210.0,0.0,3843.0,0.0,832.0,833.0,123.0,377.0,419.0,15.0,0.0,2.0,,216.0,429.375,953.1967180668076
461.0,881.0,372.0,391.0,50.0,0.0,0.0,301.0,203.0,0.0,636.0,48.0,0.0,1404.0,1418.0,812.0,273.0,82.0,404.1764705882353,471.29982963264973
462.0,234.0,246.0,288.0,36.0,396.0,3487.0,234.0,369.0,623.0,1017.0,148.0,1235.0,1894.0,906.0,2172.0,1662.0,438.0,905.0,929.794332097158
463.0,87.0,225.0,11.0,1104.0,36.0,242.0,1284.0,104.0,1487.0,3459.0,626.0,0.0,231.0,670.0,0.0,58.0,1218.0,637.7647058823529,888.7734898029253
464.0,1710.0,0.0,146.0,0.0,9.0,0.0,1429.0,6.0,0.0,1269.0,1088.0,410.0,0.0,168.0,2.0,471.0,1445.0,479.5882352941176,631.3571749437408
465.0,0.0,0.0,78.0,0.0,575.0,5082.0,0.0,989.0,68.0,36.0,342.0,180.0,0.0,21.0,444.0,2997.0,344.0,656.2352941176471,1352.6316723988357
466.0,1077.0,4.0,290.0,1973.0,0.0,0.0,7796.0,883.0,2133.0,284.0,1249.0,4005.0,1530.0,2369.0,2343.0,0.0,1551.0,1616.8823529411766,1941.8019299851665
467.0,0.0,0.0,0.0,2437.0,0.0,2032.0,0.0,0.0,4586.0,0.0,3402.0,0.0,6254.0,0.0,6000.0,5916.0,16.0,1802.5294117647059,2469.1839774925406
468.0,1369.0,318.0,0.0,18.0,0.0,2052.0,0.0,0.0,0.0,0.0,1255.0,3294.0,0.0,0.0,224.0,3287.0,50.0,698.0588235294117,1150.6779235839756
469.0,0.0,156.0,0.0,0.0,0.0,0.0,0.0,0.0,238.0,118.0,418.0,283.0,22.0,239.0,0.0,238.0,10.0,101.29411764705883,134.54495749835922
470.0,0.0,1813.0,1551.0,1784.0,2569.0,2159.0,987.0,0.0,1159.0,6102.0,1304.0,0.0,500.0,143.0,3327.0,1430.0,728.0,1503.2941176470588,1518.3176448254283
471.0,468.0,143.0,218.0,109.0,904.0,768.0,290.0,447.0,567.0,262.0,1322.0,949.0,636.0,619.0,956.0,1261.0,195.0,594.9411764705883,382.487658393744
472.0,0.0,0.0,217.0,214.0,0.0,27.0,73.0,78.0,42.0,1183.0,0.0,223.0,0.0,0.0,2803.0,74.0,0.0,290.2352941176471,706.4998699054875
473.0,0.0,0.0,9.0,41.0,9.0,0.0,0.0,4.0,10.0,0.0,2.0,0.0,0.0,174.0,218.0,29.0,216.0,41.88235294117647,78.0383578384223
474.0,0.0,1465.0,432.0,1723.0,249.0,10.0,255.0,1804.0,456.0,6315.0,712.0,663.0,489.0,9340.0,2965.0,974.0,1026.0,1698.7058823529412,2486.574746632048
475.0,0.0,1369.0,1498.0,493.0,252.0,224.0,104.0,240.0,925.0,2.0,265.0,223.0,1249.0,362.0,0.0,8.0,430.0,449.6470588235294,497.35549926291037
476.0,0.0,1561.0,,95.0,170.0,447.0,154.0,42.0,531.0,10.0,88.0,0.0,89.0,2146.0,0.0,437.0,216.0,374.125,611.0695405052794
477.0,0.0,222.0,,15.0,,,26.0,396.0,334.0,708.0,292.0,0.0,185.0,243.0,0.0,0.0,0.0,172.92857142857142,211.16871282158556
478.0,,306.0,,,,,124.0,826.0,54.0,,,,233.0,1.0,,0.0,90.0,204.25,273.2998092101158
479.0,,1305.0,,,,,708.0,1342.0,,,,,,1210.0,,724.0,,1057.8,315.7628857228158
,,,,,,,,,,,,,,,,,,,
,,,,,,,,,,,,,,,,,,,
