CFNO,A_Anc_6_BC
1.0,792.0
2.0,207.0
3.0,70.0
4.0,0.0
5.0,572.0
6.0,0.0
7.0,1643.0
8.0,479.0
9.0,
10.0,1197.0
11.0,0.0
12.0,1092.0
13.0,961.0
14.0,837.0
15.0,2569.0
16.0,803.0
17.0,362.0
18.0,0.0
19.0,218.0
20.0,413.0
21.0,0.0
22.0,0.0
,
,
,
,
,
,
,
23.0,74.0
24.0,
25.0,52.0
26.0,0.0
27.0,0.0
28.0,2145.0
29.0,247.0
30.0,
31.0,1538.0
32.0,0.0
33.0,0.0
34.0,0.0
35.0,479.0
36.0,0.0
37.0,94.0
38.0,1105.0
39.0,40.0
40.0,71.0
41.0,382.0
42.0,1784.0
43.0,1477.0
44.0,33.0
45.0,1690.0
46.0,
47.0,312.0
48.0,999.0
49.0,1612.0
50.0,0.0
51.0,555.0
52.0,433.0
53.0,1024.0
54.0,1259.0
55.0,1006.0
56.0,190.0
57.0,0.0
58.0,0.0
59.0,390.0
60.0,2550.0
61.0,781.0
62.0,0.0
63.0,207.0
64.0,859.0
65.0,205.0
66.0,0.0
67.0,0.0
68.0,0.0
69.0,0.0
70.0,0.0
,
71.0,207.0
72.0,615.0
73.0,0.0
74.0,0.0
75.0,0.0
76.0,445.0
77.0,0.0
78.0,301.0
79.0,2157.0
80.0,11.0
81.0,2963.0
82.0,12.0
83.0,2496.0
84.0,0.0
85.0,1129.0
86.0,
87.0,0.0
88.0,0.0
89.0,
90.0,180.0
91.0,3095.0
92.0,610.0
93.0,0.0
94.0,627.0
95.0,5.0
96.0,
,
,
,
97.0,328.0
,
98.0,2849.0
99.0,236.0
100.0,2592.0
101.0,1125.0
102.0,199.0
103.0,3083.0
104.0,1307.0
105.0,623.0
106.0,44.0
107.0,606.0
108.0,0.0
109.0,
110.0,0.0
111.0,207.0
112.0,0.0
113.0,0.0
114.0,412.0
115.0,1405.0
116.0,0.0
117.0,
118.0,611.0
119.0,692.0
120.0,574.0
121.0,2450.0
122.0,121.0
123.0,3007.0
124.0,3132.0
125.0,1258.0
126.0,0.0
127.0,0.0
128.0,6606.0
129.0,
130.0,0.0
131.0,0.0
132.0,108.0
133.0,286.0
134.0,401.0
135.0,0.0
136.0,19.0
,
,
,
,
,
,
,
,
137.0,
138.0,
139.0,
140.0,
141.0,
142.0,
143.0,
144.0,
145.0,
,
146.0,
,
,
,
,
,
,
147.0,
148.0,
149.0,
150.0,
151.0,
152.0,
153.0,
,
,
154.0,
155.0,
,
156.0,
157.0,
,
158.0,
159.0,
160.0,
161.0,
162.0,818.0
163.0,447.0
164.0,180.0
165.0,108.0
166.0,0.0
167.0,
168.0,0.0
169.0,422.0
170.0,1023.0
171.0,2224.0
172.0,0.0
173.0,0.0
174.0,5543.0
175.0,2.0
176.0,7050.0
177.0,0.0
178.0,0.0
179.0,
180.0,207.0
181.0,734.0
182.0,1225.0
183.0,964.0
184.0,725.0
185.0,118.0
186.0,93.0
187.0,6.0
188.0,0.0
189.0,
190.0,0.0
191.0,3990.0
192.0,55.0
193.0,581.0
194.0,204.0
195.0,200.0
196.0,5593.0
197.0,0.0
198.0,0.0
199.0,2276.0
200.0,1649.0
201.0,4.0
202.0,0.0
203.0,413.0
,
204.0,
205.0,0.0
206.0,0.0
207.0,233.0
208.0,209.0
209.0,75.0
210.0,354.0
211.0,34.0
212.0,769.0
213.0,734.0
214.0,0.0
215.0,1527.0
216.0,6470.0
217.0,302.0
218.0,772.0
219.0,202.0
220.0,5861.0
221.0,0.0
222.0,0.0
223.0,720.0
224.0,1.0
225.0,2381.0
226.0,0.0
227.0,207.0
228.0,125.0
229.0,0.0
230.0,413.0
231.0,0.0
232.0,0.0
233.0,615.0
234.0,0.0
235.0,
236.0,600.0
237.0,94.0
238.0,5577.0
239.0,799.0
240.0,2.0
241.0,0.0
242.0,287.0
243.0,0.0
244.0,0.0
245.0,0.0
246.0,2036.0
247.0,207.0
248.0,0.0
249.0,0.0
250.0,1017.0
251.0,20.0
252.0,133.0
253.0,1081.0
