CFNO,A_AOE_2_BC
1.0,245.0
2.0,0.0
3.0,0.0
4.0,209.0
5.0,36.0
6.0,0.0
7.0,941.0
8.0,1279.0
9.0,
10.0,751.0
11.0,0.0
12.0,2914.0
13.0,1222.0
14.0,3073.0
15.0,3490.0
16.0,3840.0
17.0,112.0
18.0,740.0
19.0,3050.0
20.0,190.0
21.0,2.0
22.0,0.0
,
,
,
,
,
,
,
23.0,572.0
24.0,
25.0,4125.0
26.0,30.0
27.0,816.0
28.0,3788.0
29.0,0.0
30.0,
31.0,3499.0
32.0,0.0
33.0,188.0
34.0,1719.0
35.0,0.0
36.0,0.0
37.0,306.0
38.0,5656.0
39.0,21.0
40.0,0.0
41.0,472.0
42.0,2490.0
43.0,796.0
44.0,0.0
45.0,674.0
46.0,
47.0,1404.0
48.0,0.0
49.0,1176.0
50.0,0.0
51.0,208.0
52.0,0.0
53.0,0.0
54.0,19.0
55.0,295.0
56.0,463.0
57.0,0.0
58.0,0.0
59.0,256.0
60.0,1412.0
61.0,615.0
62.0,331.0
63.0,705.0
64.0,1681.0
65.0,211.0
66.0,0.0
67.0,2012.0
68.0,0.0
69.0,0.0
70.0,0.0
,
71.0,211.0
72.0,627.0
73.0,0.0
74.0,174.0
75.0,735.0
76.0,0.0
77.0,0.0
78.0,1898.0
79.0,3105.0
80.0,9.0
81.0,0.0
82.0,242.0
83.0,3530.0
84.0,0.0
85.0,3536.0
86.0,
87.0,302.0
88.0,0.0
89.0,131.0
90.0,
91.0,1799.0
92.0,1475.0
93.0,
94.0,1328.0
95.0,0.0
96.0,
,
,
,
97.0,509.0
,
98.0,496.0
99.0,38.0
100.0,1666.0
101.0,40.0
102.0,81.0
103.0,3181.0
104.0,1491.0
105.0,222.0
106.0,0.0
107.0,226.0
108.0,895.0
109.0,
110.0,0.0
111.0,2.0
112.0,205.0
113.0,0.0
114.0,420.0
115.0,1737.0
116.0,0.0
117.0,
118.0,656.0
119.0,621.0
120.0,204.0
121.0,1740.0
122.0,114.0
123.0,587.0
124.0,2262.0
125.0,2618.0
126.0,0.0
127.0,0.0
128.0,4526.0
129.0,
130.0,211.0
131.0,418.0
132.0,0.0
133.0,0.0
134.0,223.0
135.0,
136.0,544.0
,
,
137.0,
,
,
,
,
,
,
,
,
,
,
,
,
,
,
,
,
,
,
,
,
,
138.0,
139.0,
140.0,
,
,
,
,
,
,
,
,
,
,
141.0,
142.0,
,
143.0,
144.0,
145.0,
146.0,
147.0,
148.0,
149.0,
150.0,
151.0,
152.0,
153.0,
154.0,
155.0,
156.0,
157.0,
158.0,
159.0,
160.0,
161.0,
162.0,126.0
163.0,0.0
164.0,792.0
165.0,5.0
166.0,0.0
167.0,168.0
168.0,0.0
169.0,522.0
170.0,386.0
171.0,1220.0
172.0,3780.0
173.0,0.0
174.0,4270.0
175.0,65.0
176.0,4325.0
177.0,330.0
178.0,0.0
179.0,
180.0,497.0
181.0,1325.0
182.0,4434.0
183.0,1667.0
184.0,806.0
185.0,2003.0
186.0,590.0
187.0,588.0
188.0,779.0
,
189.0,
190.0,0.0
191.0,2425.0
192.0,23.0
193.0,3433.0
194.0,1655.0
195.0,0.0
196.0,3902.0
197.0,18.0
198.0,1.0
199.0,3098.0
200.0,1619.0
201.0,211.0
202.0,0.0
203.0,211.0
204.0,
205.0,92.0
206.0,0.0
207.0,0.0
208.0,0.0
209.0,207.0
210.0,0.0
211.0,1.0
212.0,0.0
213.0,1020.0
214.0,0.0
215.0,2442.0
216.0,4880.0
217.0,282.0
218.0,1265.0
219.0,194.0
220.0,2802.0
221.0,0.0
222.0,873.0
223.0,16.0
224.0,1628.0
225.0,164.0
226.0,306.0
227.0,126.0
228.0,93.0
229.0,0.0
230.0,211.0
231.0,0.0
232.0,414.0
233.0,287.0
234.0,18.0
235.0,135.0
236.0,0.0
237.0,9.0
238.0,2586.0
