CFNO,A_ATA_BC
12.0,1241.0
13.0,68.0
14.0,1107.0
15.0,0.0
16.0,809.0
17.0,0.0
18.0,488.0
19.0,462.0
20.0,
21.0,684.0
22.0,0.0
23.0,1931.0
24.0,1482.0
25.0,3407.0
26.0,943.0
27.0,3156.0
28.0,466.0
29.0,362.0
30.0,3317.0
31.0,210.0
32.0,2.0
33.0,418.0
,
,
,
,
,
,
,
34.0,1349.0
35.0,
36.0,4342.0
37.0,2.0
38.0,69.0
39.0,3830.0
40.0,126.0
41.0,
42.0,255.0
43.0,0.0
44.0,0.0
45.0,1976.0
46.0,0.0
47.0,212.0
48.0,3.0
49.0,5120.0
50.0,422.0
51.0,0.0
52.0,361.0
53.0,134.0
54.0,505.0
55.0,0.0
56.0,789.0
57.0,
58.0,169.0
59.0,458.0
60.0,662.0
61.0,0.0
62.0,555.0
63.0,212.0
64.0,3.0
65.0,48.0
66.0,2866.0
67.0,3146.0
68.0,0.0
69.0,0.0
70.0,3007.0
71.0,0.0
72.0,155.0
73.0,0.0
74.0,624.0
75.0,1069.0
76.0,0.0
77.0,3.0
78.0,1183.0
79.0,0.0
80.0,4.0
81.0,422.0
,
82.0,212.0
83.0,476.0
84.0,0.0
85.0,212.0
86.0,345.0
87.0,639.0
88.0,0.0
89.0,1639.0
90.0,2084.0
91.0,0.0
92.0,2111.0
93.0,3281.0
94.0,1487.0
95.0,0.0
96.0,0.0
97.0,
98.0,0.0
99.0,0.0
100.0,
101.0,39.0
102.0,268.0
103.0,548.0
104.0,
105.0,3516.0
106.0,0.0
107.0,
,
,
,
108.0,0.0
,
109.0,705.0
110.0,88.0
111.0,330.0
112.0,0.0
113.0,0.0
114.0,2081.0
115.0,1517.0
116.0,0.0
117.0,459.0
118.0,248.0
119.0,568.0
120.0,
121.0,27.0
122.0,66.0
123.0,532.0
124.0,211.0
125.0,0.0
126.0,2610.0
127.0,462.0
128.0,
129.0,1701.0
130.0,1128.0
131.0,216.0
132.0,1878.0
133.0,434.0
134.0,170.0
135.0,2226.0
136.0,3524.0
137.0,0.0
138.0,0.0
139.0,4300.0
140.0,
141.0,0.0
142.0,0.0
143.0,324.0
144.0,76.0
145.0,6.0
146.0,
147.0,197.0
148.0,
149.0,
150.0,
151.0,
152.0,
153.0,
154.0,
,
,
,
,
,
,
,
,
,
,
,
,
,
,
,
,
155.0,
156.0,
157.0,
,
,
,
,
,
,
,
,
,
158.0,
,
159.0,
160.0,
161.0,
,
,
,
,
,
162.0,232.0
163.0,430.0
164.0,0.0
165.0,0.0
166.0,1396.0
167.0,0.0
168.0,693.0
169.0,1690.0
170.0,1025.0
171.0,1842.0
172.0,0.0
173.0,3899.0
174.0,60.0
175.0,4122.0
176.0,0.0
177.0,0.0
178.0,
179.0,1187.0
180.0,775.0
181.0,0.0
182.0,1291.0
183.0,829.0
184.0,1549.0
185.0,7.0
186.0,0.0
187.0,1939.0
188.0,
189.0,0.0
190.0,1802.0
191.0,112.0
192.0,4674.0
193.0,20.0
194.0,362.0
195.0,6083.0
196.0,190.0
197.0,29.0
198.0,0.0
199.0,3314.0
200.0,0.0
201.0,162.0
202.0,367.0
203.0,
204.0,212.0
205.0,0.0
,
206.0,2036.0
207.0,710.0
208.0,740.0
209.0,0.0
210.0,912.0
211.0,2029.0
212.0,2076.0
213.0,141.0
214.0,215.0
215.0,3748.0
216.0,759.0
217.0,1202.0
218.0,199.0
219.0,3847.0
220.0,131.0
221.0,14.0
222.0,7.0
223.0,0.0
224.0,407.0
225.0,14.0
226.0,205.0
227.0,0.0
228.0,942.0
229.0,212.0
230.0,0.0
231.0,
232.0,422.0
233.0,122.0
234.0,
235.0,120.0
236.0,4.0
237.0,3625.0
238.0,1345.0
239.0,870.0
240.0,0.0
241.0,264.0
242.0,0.0
243.0,0.0
244.0,0.0
245.0,592.0
246.0,511.0
247.0,195.0
248.0,183.0
249.0,2655.0
250.0,224.0
251.0,99.0
252.0,93.0
253.0,0.0
254.0,0.0
255.0,
256.0,
