CFNO,D_Cp6_BC
37.0,1842.0
38.0,0.0
39.0,320.0
40.0,243.0
41.0,106.0
42.0,243.0
43.0,1322.0
44.0,1637.0
45.0,
46.0,1840.0
47.0,0.0
48.0,1989.0
49.0,958.0
50.0,1327.0
51.0,8469.0
52.0,4339.0
53.0,0.0
54.0,403.0
55.0,4615.0
56.0,328.0
57.0,0.0
58.0,0.0
,
,
,
,
,
,
,
59.0,784.0
60.0,0.0
61.0,11370.0
62.0,0.0
63.0,0.0
64.0,13149.0
65.0,922.0
66.0,
67.0,8008.0
68.0,0.0
69.0,0.0
70.0,116.0
71.0,243.0
72.0,0.0
73.0,561.0
74.0,3958.0
75.0,480.0
76.0,243.0
77.0,636.0
78.0,68.0
79.0,0.0
80.0,0.0
81.0,1347.0
82.0,
83.0,1091.0
84.0,0.0
85.0,244.0
86.0,0.0
87.0,0.0
88.0,69.0
89.0,857.0
90.0,626.0
91.0,4462.0
92.0,475.0
93.0,237.0
94.0,0.0
95.0,696.0
96.0,3265.0
97.0,86.0
98.0,0.0
99.0,376.0
100.0,1893.0
101.0,514.0
102.0,137.0
103.0,1759.0
104.0,0.0
105.0,3.0
106.0,11.0
,
107.0,0.0
108.0,1120.0
109.0,0.0
110.0,462.0
111.0,0.0
112.0,201.0
113.0,0.0
114.0,1217.0
115.0,1581.0
116.0,0.0
117.0,7081.0
118.0,8.0
119.0,7699.0
120.0,1.0
121.0,10641.0
122.0,
123.0,0.0
124.0,
125.0,4349.0
126.0,4710.0
127.0,1559.0
128.0,4858.0
129.0,0.0
130.0,18.0
131.0,20.0
132.0,0.0
,
,
,
133.0,4805.0
,
134.0,478.0
135.0,166.0
136.0,4552.0
137.0,0.0
138.0,11.0
139.0,2706.0
140.0,1719.0
141.0,
142.0,1221.0
143.0,484.0
144.0,0.0
145.0,
146.0,0.0
147.0,243.0
148.0,0.0
149.0,242.0
150.0,845.0
151.0,3533.0
152.0,0.0
153.0,
154.0,2797.0
155.0,2884.0
156.0,847.0
157.0,2390.0
158.0,157.0
159.0,2466.0
160.0,1470.0
161.0,1181.0
162.0,0.0
163.0,749.0
164.0,1231.0
165.0,
166.0,0.0
167.0,663.0
168.0,181.0
169.0,0.0
170.0,2618.0
171.0,0.0
172.0,4428.0
173.0,2135.0
174.0,0.0
175.0,1862.0
,
176.0,0.0
177.0,242.0
178.0,41.0
179.0,0.0
180.0,0.0
181.0,725.0
182.0,256.0
183.0,0.0
184.0,243.0
185.0,960.0
186.0,468.0
187.0,0.0
188.0,518.0
189.0,2444.0
190.0,2169.0
191.0,6439.0
192.0,1172.0
193.0,409.0
194.0,0.0
195.0,0.0
,
,
,
,
,
,
,
,
,
,
,
,
,
196.0,0.0
197.0,1020.0
198.0,232.0
,
,
,
,
,
199.0,252.0
200.0,4368.0
201.0,0.0
202.0,0.0
203.0,
204.0,0.0
205.0,243.0
206.0,1003.0
207.0,3646.0
208.0,0.0
209.0,0.0
210.0,723.0
211.0,2.0
212.0,1467.0
213.0,4.0
214.0,0.0
215.0,
216.0,15.0
217.0,485.0
218.0,1112.0
219.0,1072.0
220.0,6761.0
221.0,432.0
222.0,1728.0
223.0,520.0
224.0,0.0
225.0,
226.0,27.0
227.0,1726.0
228.0,88.0
229.0,976.0
230.0,137.0
231.0,2747.0
232.0,4572.0
233.0,0.0
234.0,0.0
235.0,246.0
236.0,3014.0
237.0,
238.0,11.0
239.0,493.0
240.0,
241.0,0.0
,
242.0,0.0
243.0,1537.0
244.0,242.0
245.0,0.0
246.0,460.0
247.0,18.0
248.0,1725.0
249.0,2345.0
250.0,2.0
251.0,1377.0
252.0,3993.0
253.0,54.0
254.0,471.0
255.0,62.0
256.0,3973.0
257.0,0.0
258.0,0.0
259.0,2481.0
260.0,245.0
261.0,1188.0
262.0,243.0
263.0,0.0
264.0,0.0
265.0,243.0
266.0,0.0
267.0,0.0
268.0,0.0
269.0,0.0
270.0,243.0
271.0,
272.0,0.0
273.0,0.0
274.0,982.0
275.0,852.0
276.0,108.0
277.0,5.0
278.0,47.0
279.0,0.0
280.0,0.0
281.0,0.0
282.0,1676.0
283.0,0.0
284.0,1196.0
285.0,1.0
286.0,3271.0
287.0,0.0
288.0,1504.0
289.0,722.0
290.0,0.0
291.0,504.0
