CFNO,M_ASA_BC
9.0,472.0
10.0,239.0
11.0,0.0
12.0,445.0
13.0,596.0
14.0,403.0
15.0,1077.0
16.0,2404.0
17.0,
18.0,2098.0
19.0,0.0
20.0,5034.0
21.0,2892.0
22.0,4598.0
23.0,2995.0
24.0,1067.0
25.0,1035.0
26.0,0.0
27.0,376.0
28.0,438.0
29.0,591.0
30.0,0.0
,
,
,
,
,
,
,
31.0,1069.0
32.0,
33.0,164.0
34.0,
35.0,0.0
36.0,2083.0
37.0,1043.0
38.0,
39.0,991.0
40.0,0.0
41.0,2.0
42.0,143.0
43.0,0.0
44.0,2.0
45.0,84.0
46.0,2342.0
47.0,0.0
48.0,0.0
49.0,859.0
50.0,326.0
51.0,414.0
52.0,0.0
53.0,2613.0
54.0,
55.0,238.0
56.0,1543.0
57.0,823.0
58.0,0.0
59.0,78.0
60.0,423.0
61.0,4247.0
62.0,310.0
63.0,4161.0
64.0,239.0
65.0,0.0
66.0,0.0
67.0,476.0
68.0,0.0
69.0,473.0
70.0,0.0
71.0,257.0
72.0,2365.0
73.0,327.0
74.0,3.0
75.0,2430.0
76.0,0.0
77.0,21.0
78.0,2.0
,
79.0,24.0
80.0,256.0
81.0,0.0
82.0,488.0
83.0,220.0
84.0,406.0
85.0,1.0
86.0,16.0
87.0,2038.0
88.0,0.0
89.0,1359.0
90.0,5568.0
91.0,2276.0
92.0,0.0
93.0,0.0
94.0,
95.0,0.0
96.0,26.0
97.0,
98.0,406.0
99.0,0.0
100.0,0.0
101.0,
102.0,356.0
103.0,1060.0
104.0,
,
,
,
105.0,0.0
,
106.0,585.0
107.0,0.0
108.0,236.0
109.0,0.0
110.0,0.0
111.0,2170.0
112.0,844.0
113.0,146.0
114.0,1809.0
115.0,1355.0
116.0,389.0
117.0,
118.0,0.0
119.0,239.0
120.0,2.0
121.0,4.0
122.0,128.0
123.0,1926.0
124.0,325.0
125.0,
126.0,257.0
127.0,0.0
128.0,82.0
129.0,2111.0
130.0,171.0
131.0,147.0
132.0,5767.0
133.0,0.0
134.0,0.0
135.0,0.0
136.0,1938.0
137.0,
138.0,2567.0
139.0,1007.0
140.0,1416.0
141.0,0.0
142.0,882.0
143.0,
144.0,0.0
145.0,750.0
146.0,0.0
147.0,239.0
148.0,429.0
149.0,512.0
150.0,0.0
151.0,0.0
152.0,1376.0
153.0,0.0
154.0,479.0
155.0,2182.0
156.0,0.0
157.0,0.0
158.0,0.0
159.0,0.0
160.0,955.0
161.0,0.0
162.0,1162.0
163.0,0.0
164.0,251.0
165.0,0.0
166.0,392.0
167.0,277.0
168.0,0.0
169.0,0.0
170.0,0.0
,
,
,
,
,
,
,
,
,
171.0,16.0
,
172.0,86.0
173.0,1458.0
174.0,66.0
,
,
,
,
,
175.0,511.0
176.0,648.0
177.0,0.0
178.0,284.0
179.0,0.0
180.0,0.0
181.0,2106.0
182.0,1546.0
183.0,3170.0
184.0,1315.0
185.0,0.0
186.0,5921.0
187.0,0.0
188.0,3526.0
189.0,0.0
190.0,4342.0
191.0,
192.0,1281.0
193.0,1162.0
194.0,0.0
195.0,997.0
196.0,1606.0
197.0,1299.0
198.0,0.0
199.0,6700.0
200.0,2591.0
201.0,
202.0,1257.0
203.0,4247.0
204.0,1781.0
205.0,2896.0
206.0,2273.0
207.0,0.0
208.0,5331.0
209.0,173.0
210.0,0.0
211.0,0.0
212.0,5141.0
213.0,538.0
214.0,0.0
215.0,239.0
216.0,
217.0,0.0
218.0,0.0
,
219.0,476.0
220.0,132.0
221.0,5719.0
222.0,4.0
223.0,16.0
224.0,1156.0
225.0,527.0
226.0,144.0
227.0,612.0
228.0,65.0
229.0,16.0
230.0,3851.0
231.0,336.0
232.0,338.0
233.0,0.0
234.0,4184.0
235.0,519.0
236.0,0.0
237.0,2223.0
238.0,238.0
239.0,0.0
240.0,0.0
241.0,944.0
242.0,477.0
243.0,0.0
244.0,0.0
245.0,0.0
246.0,0.0
247.0,0.0
248.0,0.0
249.0,2182.0
250.0,1082.0
251.0,1200.0
252.0,0.0
253.0,0.0
254.0,649.0
255.0,0.0
256.0,0.0
257.0,100.0
258.0,1376.0
259.0,259.0
260.0,2164.0
261.0,20.0
262.0,2719.0
263.0,125.0
264.0,30.0
265.0,360.0
266.0,0.0
267.0,477.0
268.0,
269.0,
